country,area,location,latitude,longitude,match_type
AUSTRALIA,South Australia,Elliston,-33.649616797,134.889427971,location
AUSTRALIA,Western Australia,"Yallingup, Busselton",-33.661909584,115.044331916,location
AUSTRALIA,Western  Australia,Port Hedland,-20.310004336,118.603394243,location
USA,Florida,"Fort Pierce State Park, St. Lucie County",27.4842788,-80.3052946,location
USA,Florida,"Jensen Beach, Martin County",27.2444691,-80.2252736,location
USA,South Carolina,"Burkes Beach, Hilton Head, Beaufort County",32.1940212,-80.697698,location
USA,Hawaii,"Marine Corps Base, Oahu",21.44336,-157.74981,location
JAMAICA,Westmoreland Parish,"Little Bay, Little London",18.2209,-78.26588,location
USA,Florida,Indian River County,27.696392600501,-80.57411114419,location
AUSTRALIA,Western Australia,"Melaleuca Beach, Cowaramup Bay, Gracetown,",-33.865178,114.97948,location
USA,Florida,Ormond Beach,29.2774764,-81.0417589,location
AUSTRALIA,Queensland,Britomart Reef,-18.25,146.66667,location
USA,Virgin Islands,"Candle Reef, St. Croix",17.7614,-64.6519,location
NEW ZEALAND,North Island,Pauanui Beach,-37.019051,175.868902,location
PAPUA NEW GUINEA,Central Province,Ragelapara reef,-10.28581,148.33007,location
FRENCH POLYNESIA,Moorea,Afareitu Lagoonarium.,-17.5504219,-149.7906924,location
USA,Florida,"New Smyrna Beach, Volusia County",29.029722,-80.9237495,location
USA,Florida,Off Key Biscayne,25.692497,-80.169556,location
AUSTRALIA,New South Wales,Urunga area,-30.4926582,153.013852,location
NEW ZEALAND,South Island,Oreti Beach,-43.566605,172.758987,location
USA,Florida,"Near Patrick AFB, Brevard County",28.2141861,-80.6105797,location
CHINA,Guizhou Province,Shopping mall aquarium in Guiyang City,25.85357,112.65997,location
USA,California,"Oceanside, San Diego County",33.1959061,-117.3795166,location
USA,New York,Rockaway,40.5817691,-73.8302275,location
SOUTH AFRICA,Eastern Cape Province,"Nahoon Reef, East London",-33.01529,27.91162,location
USA,Florida,"Ponce Inlet, Volusia County",29.0970105,-80.9357379,location
BAHAMAS,The Exuma Cays,Compass Cay,24.1732835,-76.4454252,location
AUSTRALIA,Queensland,Clairview,-22.099750787,149.522731441,location
AUSTRALIA,Western Australia,"Bundegi Sanctuary Zone, Ningaloo",-22.617934767,113.713612311,location
NEW CALEDONIA,North Province,Koumac,-20.56667,164.28333,location
USA,South Carolina,"North Myrtle Beach, Horry County",33.8074384,-78.7152584,location
SOUTH AFRICA,Western Cape Province,Ryspunt,-34.60931,20.32919,location
AUSTRALIA,New South Wales,"First Sun Beach, Byron Bay",-28.649318443,153.616858651,location
AUSTRALIA,Queensland,Miall Island,-23.15222,150.90443,location
AUSTRALIA,New South Wales,Lake Macquarie,-33.077680019,151.496800606,location
USA,Florida,"Paradise Beach, Melbourne, Brevard County",28.12302,-80.57537,location
USA,Hawaii,"Leftovers, Oahu",21.439542579,-157.94363193,location
AUSTRALIA,New South Wales,East Ballina,-28.861975125,153.585770216,location
USA,Florida,Daytona Beach Shores,29.170157,-80.980442,location
REUNION,Le Port,Folette,-20.934675456472,55.304288918032,location
AUSTRALIA,New South Wales,"Mollymook Beach, Bannister Head",-35.326534413,150.47097877,location
AUSTRALIA,Western Australia,"Pyramids Beach, Port Bouvard",-32.6036296,115.6310248,location
AUSTRALIA,New South Wales,Wallabi Point,-31.994860771,152.57131187,location
USA,South Carolina,"Hilton Head Island, Beaufort County",32.215401,-80.747563,location
USA,California,"Walls Beach, Vandenberg AFB, Santa Barbara County",34.747675195913,-120.518949481514,location
SOUTH AFRICA,Western Cape Province,Muizenberg,-34.0999,18.45776,location
AUSTRALIA,New South Wales,"Seven Mile Beach, Gerroa",-34.7731,150.8113,location
AUSTRALIA,New South Wales,Umina Beach,-33.517377822,151.315083629,location
USA,Oregon,"Gleneden Beach, Lincoln County",44.883959,-124.034901,location
USA,California,"Bunkers, Humboldt Bay, Eureka, Humboldt County",40.741892,-124.210936,location
USA,Hawaii,Kona Coast State Park,19.7955984,-156.0213084,location
PALESTINIAN TERRITORIES,Unknown,Gaza,31.5136482,34.4558874,location
JAMAICA,St. Catherine,Pillikin Red Light area,18.0041868,-76.9726131,location
PHILIPPINES,Palawan,Off Likas Island,9.978771967656,118.745126867359,location
USA,Florida,"Melbourne Beach, Brevard County",28.068399,-80.558423,location
AUSTRALIA,Western Australia,Red Bluff near Quobba Station,-24.8982521,113.6920173,location
USA,Florida,"Summerland Key, Monroe County",24.661499,-81.443191,location
USA,Florida,"Bethune Beach, Volusia County",28.9485103,-80.838487,location
AUSTRALIA,Victoria,"Shipwreck Cove, Melbourne Aquarium",-37.8206249,144.9582204,location
USA,Florida,"Palm Beach Inlet, Palm Beach County",26.77229,-80.03726,location
USA,Florida,Crescent Beach St. Johns County,29.768745,-81.253492,location
SOUTH AFRICA,Western Cape Province,Robberg Beach,-34.10461,23.39539,location
SOUTH AFRICA,Eastern Cape Province,"Sundays River Mouth, Port Elizabeth",-33.96109,25.61494,location
USA,Florida,"Stuart, Martin County",27.19957,-80.254878,location
SOUTH AFRICA,Eastern Cape  Province,Port Alfred,-33.58601,26.88329,location
AUSTRALIA,Queensland,Lamont Reef,-23.6,152.03333,location
MOZAMBIQUE,Inhambane Province,Off Vilanculo,-21.82583,34.25556,location
SOUTH AFRICA,Western Cape Province,Glentana,-34.04858,22.31575,location
KENYA,Mombasa,Likoni Channel,-4.089917796262,39.626289116205,location
USA,California,"San Onofre, San Diego County",33.384955,-117.572537,location
USA,California,"San Onofre State Beach, San Diego County",33.3316612,-117.5039968,location
USA,Hawaii,Kona,19.6392883,-155.9943838,location
AUSTRALIA,Victoria,Levys Beach,-37.570464651832,143.879562394637,location
BRAZIL,Pernambuco,"Punta Del Chifre, Olinda",-8.0049002,-34.8511694,location
MEXICO,Quintana Roo,"Delfines Beach, Cancun",21.061598,-86.778954,location
USA,California,"Huntington Beach, Orange County",33.659775,-117.999313,location
BAHAMAS,Northern Bahamas,Dive site known as The End of the Map,25.04082,-77.37122,location
AUSTRALIA,New South Wales,Jimmy's Beach,-32.679,152.1763,location
USA,Florida,Huguenot Park,30.2944108,-81.6241727,location
USA,Florida,Naples,26.1474521,-81.7954521,location
FIJI,Vitu Levu,Sigatoka,-18.1436112,177.4932216,location
AUSTRALIA,Victoria,"6 km off Collendina, south of Melbourne",-37.688764683348,145.089243276295,location
SOUTH AFRICA,Eastern Cape Province,"Nahoon, East London",-32.9871232,27.9272688,location
AUSTRALIA,South Australia,Glenelg,-34.979832429,138.513523022,location
AUSTRALIA,Western Australia,"Wreck Point, Abrolhos Islands",-20.61944,117.72778,location
AUSTRALIA,Queensland,Brisbane River,-27.40201,153.15117,location
USA,California,Catalina Island,33.38336,-118.41758,location
AUSTRALIA,South Australia,Adelaide,-34.925704229,138.596146626,location
USA,Florida,"Sebastian Inlet, Indian River or Brevard County",27.860358961891,-80.448469274799,location
REUNION,Saint-Pierre,Pic du Diable,-21.341797838,55.477835926,location
USA,Florida,"South Jacksonville Beach, Duval County",30.258331412651,-81.394225187585,location
TANZANIA,Unknown,"Coco Beach, Dar-es-Salaam",-6.8149233,39.288409,location
USA,North Carolina,"Holden Beach, Brunswick County",33.915334,-78.264155,location
NEW CALEDONIA,North Province,Poum,-20.23333,164.01667,location
ENGLAND,Worcestershire,The Fountain Pub in Tenbury Wells,52.298214,-2.600379,location
THAILAND,Phang nga Province,Phang nga Island,8.529039,98.515909,location
USA,Florida,"Gulfstream Park beach, Palm Beach County",26.698934603672,-80.034644535489,location
USA,Florida,"Sebastian Inlet, Indian River County",27.8603,-80.44727,location
USA,Florida,"Pecks Lake, Martin County",27.1191,-80.14646,location
USA,Florida,"Behune Beach, Volusia County",28.9485103,-80.838487,location
AUSTRALIA,Queensland,Great Keppel Island,-23.1784,150.9482,location
USA,North Carolina,"Emerald Isle, Carteret County",34.665859,-77.030128,location
USA,Georgia,"Tybee Island, Chatham County",31.99241,-80.849252,location
AUSTRALIA,Queensland,Gladstone Reef,-24.385116307109,150.527401070625,location
USA,North Carolina,Carolina Beach,34.034278,-77.893974,location
AUSTRALIA,Queensland,"Hinchinbrook Channel, Queensland",-18.38333,146.16667,location
USA,Hawaii,Waipo,21.410869,-157.999185,location
USA,Hawaii,"Mouth of Wallua River, Kaua'i",22.04155,-159.36049,location
REUNION,Saint-Paul,Cap de la Marianne,-21.066723286679,55.229265521294,location
BRAZIL,Pernambuco,Paiva,-8.2467024,-34.940901,location
USA,Florida,"Singer Island, Riviera Beach, Palm Beach County",26.78506,-80.03754,location
USA,Oregon,"Gold Beach, Curry County",42.412439,-124.420599,location
BRAZIL,Pernambuco,"Boa Viagem, Recife",-8.1147257,-34.8917377,location
MAURITIUS,Unknown,Mahebourg,-20.4081422,57.7060561,location
USA,Florida,Near Port Canaveral Coast Guard Base,28.4162938,-80.62079,location
USA,California,"Horseshoe Reef, Scott Creek, Davenport, Santa Cruz County",37.010602,-122.193818,location
USA,Florida,"Indialantic, Brevard County",28.0894482,-80.5660328,location
USA,Hawaii,"Hanalei Point, Kaua'i",22.2031476,-159.4956482,location
USA,Hawaii,"Kekaha Beach, Kaua'i",21.9642,-159.7089,location
USA,Hawaii,"Waihe'e, Maui",20.9313,-156.50939,location
USA,Florida,"Sanibel Island, Lee County",26.44368,-82.10735,location
SOUTH AFRICA,KwaZulu-Natal,Umdhloti,-29.670887,31.1168842,location
USA,California,"San Miguel Island, Santa Barbara County",34.03972,-120.37543,location
SOUTH AFRICA,KwaZulu-Natal,Umbogintwini,-30.023311833189,30.898610116502,location
ITALY,Tyrrhenian Sea,"Marciana Marina, Isola d'Elba",42.7926,10.2211,location
USA,Oregon,"Turnaround, Cape Kiwanda, Tillamook County",45.21752,-123.97938,location
MEXICO,Baja California,Guadalupe Island,29.04521,-118.27754,location
SOUTH AFRICA,KwaZulu-Natal,Umlaas Canal,-28.83333,29.85,location
USA,California,San Francisco,37.7800771,-122.4201615,location
SOUTH AFRICA,Eastern Cape Province,Nahoon,-32.9871,27.93823,location
USA,South Carolina,"Isle of Palms, Charleston County",32.7884238,-79.7877544,location
NEW CALEDONIA,South Province,"Sarcelle, Isle of Pines",-22.60636,167.47765,location
BAHAMAS,Andros Islands,North Rat Cay Reef,24.98333,-77.93333,location
USA,California,"Moonstone Beach, Humboldt County",41.0301372,-124.1121609,location
USA,Florida,"Jupiter, Palm Beach County",26.9341448,-80.0997362,location
MARSHALL ISLANDS,Ralik Archipelago,Enewetak Atoll,11.5,162.25,location
NEW CALEDONIA,Unknown,Sarcelle,-22.204364604121,166.457223034616,location
USA,Florida,"Daytona Beach, Volusia County",29.2070854,-81.0207257,location
AUSTRALIA,South Australia,Coffin Bay,-34.616456333,135.481421862,location
USA,California,"Franklin Point, San Mateo County",37.14967,-122.36053,location
SOUTH AFRICA,KwaZulu-Natal,Durban,-29.8579,31.0292,location
USA,Hawaii,"Ho'okipa Beach, Pa'ia, Maui",20.9342774,-156.3560344,location
MOZAMBIQUE,Maputo Province,Inhaca Island,-26.00758,32.93281,location
USA,California,"Laguna Beach, Orange County",33.545844,-117.781731,location
SOUTH AFRICA,Western Cape Province,Mossel Bay,-34.18307,22.14605,location
MOZAMBIQUE,Limpopo River,3.2 km inland,-18.25,35.0,location
PAPUA NEW GUINEA,Gulf Province,Orokolo Bay,-7.88836,145.30558,location
USA,Florida,"Near US Air Force Base at Elgin, Okaloosa County",30.4551398,-86.5521566,location
TAIWAN,Northern Taiwan,Tamsui Beach,25.172091833333,121.4378634,location
SOUTH AFRICA,Western Cape Province,Swartklip,-34.08333,18.68333,location
TURKEY,Antalya Province,Ucagiz,36.19722,29.84861,location
USA,California,San Francisco Bay,37.70826,-122.28025,location
USA,South Carolina,"Hilton Head, Beaufort County",32.21632,-80.75261,location
SOUTH AFRICA,Eastern Cape Province,East London,-33.01529,27.91162,location
AUSTRALIA,New South Wales,Lake Illawarra,-34.543577333,150.862246336,location
AUSTRALIA,Queensland,Dicky Beach,-26.784081111,153.135358548,location
AUSTRALIA,New South Wales,"Seaspray, near Sale",-34.9309,150.7811,location
AUSTRALIA,Torres Strait,"Horn Island, near Thursday Island",-10.58257,142.21949,location
TURKEY,Anatolia,"İnciralti Beach, İzmir",38.4043629,27.030026,location
SOUTH AFRICA,Western Cape Province,"5 km from Gordon’s Bay, False Bay",-34.15881,18.86476,location
USA,New Jersey,"Ocean City, Cape May County",39.278297,-74.575521,location
SENEGAL,Cap-Vert Peninsula,off Dakar,14.73886,-17.4638,location
AUSTRALIA,Western Australia,Rottnest Island,-32.007488242,115.520328532,location
BERMUDA,"33N, 68W",Royal Canadian Navy CS2F-1 aircraft ditched in the sea 180 nautical miles WNW of Bermuda at 01h30,32.306817732,-64.770041837,location
SENEGAL,Casamance,Ziguinchor,12.56801,-16.27326,location
AUSTRALIA,New South Wales,Wattamolla National Park,-34.1324,151.1153,location
AMERICAN SAMOA,Tutuila Island,Van Camp wharf,-14.29972,-170.7225,location
PACIFIC OCEAN,Between Hawaii & Wake Island,600 miles northwest of Honolulu,39.824886685156,-74.177646289662,location
FIJI,Viti Levu,Suva Harbor,-18.13125,178.41737,location
PAPUA NEW GUINEA,Unknown,Port Moresby,-9.4670693,147.1960341,location
USA,Puerto Rico,Aquadilla,18.463151,-67.148428,location
AUSTRALIA,Victoria,Point Lonsdale,-38.259560082,144.602645707,location
PAPUA NEW GUINEA,Madang Province,"Singour, 60 miles south of Madang",-5.22152,145.78695,location
AUSTRALIA,New South Wales,Maroubra Beach,-33.95,151.23333,location
USA,California,"Santa Catalina Island, Los Angeles County",33.38336,-118.41758,location
USA,Hawaii,"Maile Beach, O'ahu",21.301381623318,-157.816383970707,location
INDIAN OCEAN,Unknown,Between Straits of Malacca and Sri Lanka,40.242529,-74.032533,location
USA,Florida,"Panacea, Wakulla County",30.037393,-84.3880119,location
USA,South Carolina,Seabrook Beach,32.5682,-80.1593,location
SOUTH AFRICA,KwaZulu-Natal,Winkelspruit,-30.09626,30.85583,location
AUSTRALIA,South Australia,Streaky Bay,-32.796484616,134.212635779,location
AUSTRALIA,New South Wales,"Kurnell, Botany Bay",-33.948929411632,151.205104917363,location
PAPUA NEW GUINEA,New Ireland Province,"Kulengei, southeast of Kalili, Kavieng",-2.57337,150.79516,location
PAPUA NEW GUINEA,Bougainville (North Solomons),"Orava (Aravo) Islet , near Kieta.",-6.25182,155.36247,location
AUSTRALIA,Queensland,Rib Reef off Townsville,-19.155839987699,146.605726429204,location
NEW GUINEA,Morobe Province,Finschafen,-6.55793,147.84635,location
USA,Florida,In a canal 10 miles north of St Augustine,29.896004,-81.316709,location
USA,North Carolina,Ocracoke,35.1146786,-75.9839322,location
USA,North Carolina,"Ocracoke Inlet, Carteret County",35.06406,-76.01601,location
SOLOMON ISLANDS,Unknown,Guadalcanal,-9.63333,160.2,location
AUSTRALIA,New South Wales,"Fairy Bower, near North Steyne",-33.791426044312,151.2869958352,location
SOUTH AFRICA,KwaZulu-Natal,"Vetch’s Pier, Durban",-29.8673139,31.0473372,location
GREECE,Unknown,Salonika?,40.64361,22.93086,location
AUSTRALIA,New South Wales,Newcastle Harbor,-32.906037,151.783077,location
SOUTH AFRICA,KwaZulu-Natal,Tugela River Mouth,-29.2311,31.4891,location
USA,California,"San Francisco Bay (or San Leandro Bay), near cannery, Alameda County",37.6971963,-122.1885749,location
AUSTRALIA,New South Wales,Newcastle Beach,-32.92914,151.78608,location
AUSTRALIA,Western Australia,"In Swan River at Freshwater Bay, Claremont, 5 miles from river mouth",-31.988500729,115.777843065,location
USA,New Jersey,Ocean City (offshore),39.9380872,-74.0739923,location
USA,Puerto Rico,San Juan,18.466302,-66.105229,location
AUSTRALIA,Western Australia,Bunbury,-33.330540816,115.636519563,location
AUSTRALIA,Torres Strait,Arlington Reef,-9.561435995,142.288520258,location
SOUTH AFRICA,KwaZulu-Natal,Tugela River,-29.22506,31.4971,location
AUSTRALIA,New South Wales,"Sirius Cove, Sydney Harbor",-33.8396397,151.2371247,location
USA,New Jersey,"Spring Lake, Monmouth County",40.156143,-74.027162,location
USA,Hawaii,"Pa'uwela, Maui",20.93076,-156.31686,location
INDONESIA,Java,Jakarta Harbor,-6.1908514,106.7625996,location
CUBA,Havana Province,Havana Harbor,23.13804,-82.3402,location
PHILIPPINES,Mindoro Occidental,Off Lubang Island,13.77912,120.19531,location
MEXICO,Vera Cruz,Vera Cruz Harbor,19.186026907,-96.157282698,location
NEW ZEALAND,North Island,"Marine Parade, Napier, Hawke Bay",-39.4851285,176.9199433,location
NEW ZEALAND,South Island,Oamaru,-45.0982715,170.9680295,location
USA,Florida,"Fernandina, Nassau County",30.66968,-81.46259,location
GEORGIA,Unknown,"Savannah River, Chatham County",32.0806102,-81.0900966,location
AUSTRALIA,New South Wales,"Johnstone's Bay, Sydney",-33.853788571419,150.967873606449,location
USA,Florida,"Pensacola Bay, Escambia County",30.4108672,-87.2353285,location
USA,California,"Los Angeles, Los Angeles County",34.052238,-118.243344,location
USA,South Carolina,"Stono Inlet, near Charleston, Charleston County",32.762463810286,-80.000722453287,location
AUSTRALIA,New South Wales,"Woolloomooloo, Sydney Harbor (Estuary)",-33.8683,151.2191,location
AUSTRALIA,Victoria,Warrnambool,-38.382917646,142.488049347,location
INDIA,Tamil Nadu,Chennai (formerly Madras),13.0720922,80.2018554,location
BRAZIL,Paraiba,Paraiba,-7.121071711959,-36.83247009846,location
TOBAGO,Unknown,Scarborough Bay,11.1872144,-60.7307787,location
AUSTRALIA,New South Wales,"Georges Head, off Port Jackson",-33.836648,151.258856,location
USA,Florida,New Smyrna Beach,29.029722,-80.9237495,location
BAHAMAS,Lucayan Lucayan Archipelago,Athol Island,24.68695,-78.01941,location
USA,Florida,"Flagship Drive, Summerland Key, Monroe County",24.651529146827,-81.445335669156,location
USA,Hawaii,"Keawakapu Point, Kehei, Maui",20.696233591554,-156.386877629181,location
USA,Hawaii,Kauai,22.04942,-159.53099,location
EGYPT,"Hurghada, Red Sea Governorate",Sahl Hasheesh,27.0378523,33.874998,location
COSTA RICA,Guanacoste,Playa Del Coco,10.5535,-85.6959,location
USA,Florida,"Key Biscayne, Miami-Dade County",25.692497,-80.169556,location
USA,Florida,"Fort Lauderdale, Broward County",26.1241631,-80.1435862,location
NEW CALEDONIA,Loyalty Islands,Ouvéa,-20.6617,166.55308,location
AUSTRALIA,Western Australia,Blackwall Reach,-32.0184,115.7855,location
USA,Florida,"Cocoa Beach, Brevard  County",28.320224,-80.608867,location
USA,Hawaii,"Charley Young Beach, Maui",20.724887,-156.4490193,location
USA,Hawaii,Puako,19.977355,-155.828993,location
SOUTH AFRICA,KwaZulu-Natal,Umhlanga Rocks,-29.702527167629,31.085699372792,location
USA,California,"Summerland, Santa Barbara County",34.421651,-119.601537,location
AUSTRALIA,Queensland,North West Island,-23.29679,151.70754,location
NEW ZEALAND,Southland,Oreti Beach,-46.435373777,168.245184382,location
NEW CALEDONIA,Unknown,Calana,-21.307791316,165.701841842,location
USA,Hawaii,"Cove Park, Kihei, Maui",20.72778,-156.44917,location
USA,Florida,"Off Boca Grande, Lee County",26.749137,-82.261949,location
USA,Hawaii,Waikoloa area,21.331235697081,-158.066276776137,location
USA,Hawaii,"Hanalei Bay, Kauai",22.20889,-159.50709,location
USA,California,"Trinidad Beach, Huboldt County",41.05845,-124.143149,location
AUSTRALIA,New South Wales,Birubi Point,-36.029142929325,146.958564954168,location
USA,Hawaii,"Kama‘ole Beach Park, Maui",20.72194,-156.45,location
SAMOA,Upolu Island,Nofoali’i,-13.8217,-171.95873,location
REUNION,Unknown,Boucan Canot,-21.0283,55.22725,location
SPAIN,Alicante Province,Arenales del Sol,38.25662,-0.51846,location
AUSTRALIA,Western Australia,Near Albany,-35.025111419,117.883783979,location
USA,California,"Corona Del Mar, Newport, Orange County",33.606988443995,-117.874217169872,location
USA,Texas,Galveston,29.300128,-94.795846,location
AUSTRALIA,Victoria,Tyrendarra Beach,-38.218595687,141.796191537,location
REUNION,Unknown,St. Leu,-21.166222526,55.28690687,location
AUSTRALIA,New South Wales,"Belongil Beach, Byron Bay",-28.63373,153.60035,location
USA,Hawaii,"Kihei, Maui",20.7814563,-156.4626867,location
SPAIN,Canary Islands,"Teresita, Santa Cruz, Tenerife",28.5070446,-16.1893959,location
BAHAMAS,West End,Tiger Beach,26.68711,-78.97702,location
AUSTRALIA,New South Wales,Tathra,-36.731499184,149.983067808,location
USA,New Jersey,"Bay Head, Ocean County",40.0702733,-74.0437026,location
USA,Hawaii,"Kanaha Beach, Maui",20.8970291,-156.4605383,location
USA,Florida,"New Smyrna Beach,  Volusia County",29.029722,-80.9237495,location
USA,Hawaii,"Ulua Beach, Maui",20.6903,-156.4436,location
USA,California,"Pacific State , San Mateo County",37.475911136365,-122.438422729666,location
FRENCH POLYNESIA,Society Islands,"Tapu, a dive site on the outer reefs of Bora Bora",-16.5059584,-151.7515183,location
AUSTRALIA,Western Australia,"Mullaloo Beach, Perth",-31.7789,115.7326,location
BRAZIL,Pernambuco,"Punta Del Chifre Beach, Olinda",-8.0248,-34.8574,location
USA,New Jersey,"Egg Harbor, Atlantic County",39.52873,-74.64794,location
SOUTH AFRICA,KwaZulu-Natal,Aliwal Shoal,-30.26041,30.82509,location
USA,Florida,"Ponte Vedra Beach, St Johns County",30.242809,-81.382818,location
USA,Florida,"Ormond Beach, Volusia County",29.2774764,-81.0417589,location
SOUTH AFRICA,Eastern Cape Province,"Second Beach, Port St. John's",-31.6493491,29.5159128,location
DOMINICAN REPUBLIC,Unknown,Boca Chica,18.4561746,-69.6100526,location
AUSTRALIA,Western Australia,Cheynes Beach,-35.0944824,117.9544536,location
USA,New York,Off Long Island,40.74482,-73.94875,location
MADAGASCAR,Antsiranana Province,"Ambatolaoka, Nosy Be Island",-13.38321,48.20009,location
SOUTH AFRICA,Eastern Cape Province,Yellow Sands Point,-32.57198,28.55206,location
MOZAMBIQUE,Maputo Province,Ponta do Ouro,-26.827,32.838,location
NEW ZEALAND,South Island,Clark Island,-43.0,171.0,location
AUSTRALIA,Victoria,Portland,-38.347127084,141.604485475,location
USA,Hawaii,"Kalama Park, Maui",20.7314907,-156.4529763,location
USA,Florida,"Intracoastal Waterway,      St. Petersburg",28.3570163,-80.6849683,location
MALAYSIA,Strait of Malacca,Pulau Payar Island,2.196,102.2405,location
USA,Hawaii,Alenuihaha Channel,20.63333,-156.04167,location
BRAZIL,Maranhão,Olho d'Água,-2.4872211,-44.2211267,location
AUSTRALIA,Northern Territory,Darwin,-12.459226445,130.840557883,location
USA,Florida,Bethune Beach,28.9485103,-80.838487,location
AUSTRALIA,New South Wales,Crescent Head,-31.181693155,152.935326493,location
AUSTRALIA,New South Wales,Kingscliff Beach,-28.251938,153.574483,location
USA,Florida,"Normandy Beach, Hutchinson Island,  St. Lucie County",27.3074167,-80.2211478,location
REUNION,Saint-Gilles-les-Bains,"Les Aigrettes, near Boucan-Canot",-21.0476847,55.2247662,location
SOUTH AFRICA,Western Cape Province,Fish Hoek,-34.13419,18.42484,location
USA,South Carolina,"Coligny Beach, Hilton Head, Beaufort County",32.14159,-80.751068,location
SOUTH AFRICA,Eastern Cape Province,St. Francis Bay,-34.0343,25.13221,location
USA,California,"Santa Cruz, Santa Cruz County",36.9741392,-122.028804,location
SOUTH AFRICA,Western Cape Province,"Sunny Cove, Fish Hoek",-34.13419,18.42484,location
USA,California,"Scripps, LaJolla, San Diego County",32.842815692211,-117.279348189627,location
USA,Texas,"Port Bolivar, Galveston County",29.374185,-94.770385,location
AUSTRALIA,Northern Territory,Bremer Island,-12.11024,136.81266,location
USA,Hawaii,"Rocky Point, north shore of O'ahu",21.59116,-158.1094,location
SRI LANKA,Eastern Province,Pasikudha,7.92351,81.56628,location
AUSTRALIA,New South Wales,Byron Bay,-28.649318443,153.616858651,location
USA,Texas,Channel between South Padre Island & Padre Island National Seashore,27.6773,-97.3077,location
USA,Florida,"Stuart Rocks, Martin County",27.211719279555,-80.261725176396,location
NEW ZEALAND,North Island,"Whiritoa, Eastern Cormandel",-41.1365449,174.83883,location
USA,South Carolina,"Pawleys Island, Georgetown County",33.423849,-79.126116,location
USA,Florida,"North Beach, Patrick AFB, Brevard County",28.266511692873,-80.606359258138,location
AUSTRALIA,Queensland,Golden Beach,-26.820421323,153.11935521,location
USA,Florida,"Deerfield Beach (near Boca Raton), Broward County",26.303527905034,-80.103557793056,location
USA,Florida,"Key Biscayne, Dade County",25.692497,-80.169556,location
NEW ZEALAND,North Island,Sandy Bay/Whananaki,-34.488217,172.7592783,location
USA,Florida,"Floridana Beach, Brevard County",27.94577,-80.496461,location
SOUTH AFRICA,KwaZulu-Natal,Umtentweni,-30.7229699,30.468169,location
USA,Florida,"South side of Ponce de Leon Inlet, Volusia County",29.0667351,-80.9130996,location
BAHAMAS,Abaco Islands,Grand Cay,27.22727,-78.33653,location
SOUTH AFRICA,Western Cape Province,Kogebaai,-34.23132,18.84224,location
USA,Florida,"11 miles off Dog Island in the Gulf of Mexico, Franklin County",29.812549468694,-84.798088184815,location
AUSTRALIA,South Australia,Middleton Beach,-35.5138,138.7201,location
USA,Oregon,Winchester Bay,43.679382,-124.173781,location
SOUTH AFRICA,Eastern Cape Province,Kowie River,-33.60374,26.90267,location
SOUTH AFRICA,Eastern Cape Province,Pollock Beach,-33.98563,25.67222,location
USA,Florida,"Jensen Beach Park, Martin County",27.255283,-80.196922,location
USA,Florida,"Loggerhead Park, Juno Beach, Palm Beach County",26.8848,-80.0555,location
USA,California,"Dillon Beach, Marin County",38.250001,-122.964719,location
BRAZIL,Pernambuco,Piedade,-8.1643796,-34.9208961,location
USA,Hawaii,"Paukukalo, Maui",20.90541,-156.48477,location
MEXICO,Quintana Roo,"Santa Rosa Shallows, Cozumel",21.074171945,-87.028452777,location
AUSTRALIA,Queensland,"North Point Beach, Moreton Island",-27.027,153.4515,location
USA,North Carolina,Wreck of the U-352,31.311211420291,-86.461668965638,location
USA,Hawaii,"Cannons, at Ha'ena on the north shore of Kaua'i Island",22.2,-159.58333,location
USA,Hawaii,"Ma'ili Beach, O'ahu",21.489932337175,-158.081743413411,location
AUSTRALIA,Western Australia,Scarborough,-31.896191295,115.764497427,location
SOUTH AFRICA,Eastern Cape Province,Cape Recife,-34.03172,25.70371,location
AUSTRALIA,Queensland,Greenmount Beach,-28.1662,153.5426,location
SOUTH AFRICA,Western Cape Province,Melkbosstrand,-33.72614,18.44286,location
BAHAMAS,Great Exuma Island,Highborn Cay,23.57476,-75.88966,location
CHILE,Valpariso Province,Valpariso,-32.9846,-71.5315,location
DOMINICAN REPUBLIC,Between DR and Puerto Rico,Mona Passage,18.5014814,-69.9368286,location
SOUTH AFRICA,KwaZulu-Natal,LaMercy,-29.639576211806,31.130160631059,location
SOUTH AFRICA,Western Cape Province,Arniston,-34.66739,20.23086,location
SOUTH AFRICA,Western Cape Province,"Buffels Bay, False Bay",-33.56667,18.35,location
SOUTH AFRICA,KwaZulu-Natal,Amanzimtoti,-30.049674746466,30.878520778753,location
SOUTH AFRICA,KwaZulu-Natal,Mtunzini,-29.189728,31.4781019,location
SOUTH AFRICA,KwaZulu-Natal,Clansthal,-30.1871708,30.7168475,location
SOUTH AFRICA,Eastern Cape Province,Port Elizabeth,-33.96109,25.61494,location
ITALY,Tyrrhenian Sea,Capo d'Anzio,41.4479468,12.629052,location
USA,Florida,"Jacksonville, Duval County",30.325968,-81.65676,location
SOUTH AFRICA,KwaZulu-Natal,"South Beach, Durban",-29.854272,31.0356329,location
MEXICO,Guerrero,Acapulco Bay,28.212055278,-107.637214444,location
AUSTRALIA,Queensland,Wellington Point,-27.495822204,153.239388783,location
ENGLAND,Devon,Teignmouth,50.545885663,-3.495666542,location
USA,Florida,"McArthur Beach, Singer Island, Palm Beach Shores",26.79114,-80.033158,location
AUSTRALIA,Western Australia,Jurien Bay,-30.310011273,115.03630229,location
AUSTRALIA,Victoria,Geelong,-38.152838364,144.353839235,location
MOZAMBIQUE,Bay of Maputo,Xefina Island,-25.92686,32.68518,location
SINGAPORE,Unknown,Singapore,1.2894365,103.8499802,location
USA,New Jersey,"Reeds Bay, Brigantine, Atlantic County",39.4019351,-74.3728551,location
USA,Florida,"Hollywood, Broward County",26.0117574,-80.1390551,location
MEXICO,Veracruz,Mocambo,19.132257015,-96.105533938,location
USA,Puerto Rico,60 miles offshore north of San Juan,18.46633,-66.10572,location
AUSTRALIA,Queensland,"Fingal Beach, near Tweed Heads",-28.2131057,153.5671487,location
USA,Florida,5 miles south of Palm Beach,26.5891406,-80.0388497,location
SOUTH AFRICA,Eastern Cape Province,Gonubie River Mouth,-32.93333,28.03333,location
AUSTRALIA,New South Wales,"Woolgoolga, Coffs Harbour",-30.105997712,153.171138348,location
CHILE,Unknown,"El Panul, 12km south of Coquimbo",-29.986746091368,-71.367260956953,location
GREECE,Thessaly,near Trikerion Island,39.653849801819,22.433352690392,location
AUSTRALIA,South Australia,Carrickalinga Head,-35.40833,138.33333,location
BRITISH WEST INDIES,Grand Turk Island,Long Cay,28.65655,77.10068,location
PHILIPPINES,Western Luzon Island,Manila Bay,14.5822592,120.9748038,location
USA,California,"Portuguese Beach at mouth of Salmon Creek, Sonoma County",38.3428101,-123.0677738,location
AUSTRALIA,Western Australia,"Quinn’s Rocks, south of Yanchep",-31.664096977,115.698254983,location
USA,Hawaii,Maui,20.77024,-156.26816,location
AUSTRALIA,Queensland,"College’s Crossing, 54 miles above mouth of the Brisbane River",-27.326300571359,153.011427555704,location
NEW GUINEA,Western District,Toro Passage,-9.01667,143.37778,location
USA,Florida,"Off Boca Raton Hotel & Club, Boca Raton, Palm Beach County",26.3378599,-80.0714162,location
AUSTRALIA,Queensland,"Off Wynnum in Moreton Bay, near Brisbane",-27.424699205,153.177458123,location
AUSTRALIA,South Australia,Near Port Vincent,-34.768973745,137.830998214,location
JAPAN,Ibaraki Prefecture,Mito,36.36585943,140.47129918,location
AUSTRALIA,New South Wales,Coff’s Harbor,-30.295283477,153.125203484,location
USA,Louisiana,Lake Pontchartrain,30.1855,-90.08291,location
PAPUA NEW GUINEA,Madang Province,Near Madang Town,-5.22152,145.78695,location
USA,Hawaii,"Barber’s Point, O'ahu",21.29626,-158.10623,location
SRI LANKA,Eastern Province,Heda Oya Estuary,8.60614,81.20201,location
Unknown,Caribbean Sea,Between  Cuba  & Costa Rica,10.1681,-85.3806,location
SOUTH AFRICA,KwaZulu-Natal,"Country Club Beach, Durban",-29.82917,31.03639,location
AUSTRALIA,South Australia,Grange,-34.899570517,138.497324046,location
SOUTH AFRICA,KwaZulu-Natal,"North Beach, Durban",-29.8434272,31.0337467,location
AUSTRALIA,Queensland,Off Brisbane,-27.470718612,153.024875611,location
SOUTH AFRICA,KwaZulu-Natal,50 km off St. Lucia,-28.377586376082,32.413332481892,location
CARIBBEAN SEA,Unknown,125 nm north of Aruba,13.75,-72.0,location
USA,Virginia,"At sea, several hundred miles south east of Cape Henry, Virginia",37.049593,-78.570831,location
AUSTRALIA,New South Wales,Manly,-33.797597349,151.28584319,location
ITALY / CROATIA,Unknown,Kralievica,45.259601028,14.596810584,location
AUSTRALIA,New South Wales,Cronulla,-34.053486952,151.152818947,location
USA,Florida,"Melbourne, Brevard County",28.079931,-80.603516,location
USA,Connecticut,Mystic River,41.34982,-71.97035,location
AUSTRALIA,Torres Strait,Deliverance Island,-10.204054749,142.296162731,location
AUSTRALIA,New South Wales,"Bradleys Head, Sydney",-33.846440862011,151.245599041175,location
SOUTH AFRICA,Western Cape Province,"Simon’s Town, False Bay",-34.1934,18.43585,location
USA,Florida,"Englewood Beach, Charlotte County",26.924684,-82.359337,location
USA,Florida,"Gadsden Point, Tampa Bay",27.82225,-82.47315,location
AUSTRALIA,Torres Strait,Near Thursday Island,-10.58257,142.21949,location
MONTENEGRO,Adriatic Sea,Between St. Stjepan and Budva,42.268921482528,18.9005268107,location
SPAIN,Málaga,Ceuta,36.71743,-4.424162,location
USA,Delaware,Delaware Lightship,44.000719,-88.555358,location
USA,Texas,"Rockport, Aransas County",28.041249,-97.042511,location
USA,South Carolina,Small creek near Coles Island,32.46075,-80.83094,location
USA,Florida,"Garden Key, Charlotte County",26.884584500669,-82.242859034912,location
USA,North Carolina,"Davis Shore, east of Beaufor, Carteret Countyt",34.819455795972,-76.668919172569,location
INDONESIA,Nusa Tenggara,Off Rakit Island,-8.6402,117.9865,location
USA,Florida,"Pablo Beach, Jacksonville, Duval County",30.293656696545,-81.434510416602,location
AUSTRALIA,Queensland,Brisbane,-27.470718612,153.024875611,location
USA,Florida,St. John's River,30.40053,-81.40045,location
SOUTH AFRICA,KwaZulu-Natal,"Back Beach, Durban",-29.81691,31.0385825,location
USA,New York,"Woolsey's Point, East River",42.64959,-76.123531,location
INDIA,Bay of Bengal,Madras Harbor,13.0993232,80.2903016,location
AUSTRALIA,Queensland,Bramble Reef,-18.41667,146.7,location
USA,New York,Long Island,40.74482,-73.94875,location
VIETNAM,Unknown,Cohong,22.10007,106.57785,location
USA,New York,"Staten Island, Richmond County",40.643498,-74.076203,location
USA,Florida,"Anna Maria Island, Manatee County",27.5142,-82.71899,location
NEW CALEDONIA,Poum,Twagne,-20.2335655,164.0369627,location
TURKS and CaICOS,Providenciales Island,Grace Bay Beach,21.8040876,-72.1640916,location
USA,Florida,"Marathon, Monroe County",24.71113,-81.09472,location
USA,Florida,"Whale Harbor, Islamorada, Monroe County",24.936408,-80.612472,location
AUSTRALIA,New South Wales,"Hyams Beach, Jervis Bay",-35.11143,150.69475,location
USA,New York,"Jones Beach, Nassau County",40.5966715,-73.5037312,location
BRAZIL,Pernambuco,Cacimba do Padre Beach,-3.8499,-32.4388,location
USA,Florida,"Sombero Key Light, Monroe County",24.7260007,-81.0451222,location
USA,Florida,Canaveral National Seashore,28.858232,-80.7764903,location
USA,Maui,Wailea,20.6917451,-156.4411859,location
BAHAMAS,Lucayan Archipelago,Rose Island,24.68695,-78.01941,location
NEW CALEDONIA,Bélep Islands,Cook Reef,-19.75,163.66667,location
AUSTRALIA,New South Wales,Nambucca,-30.64318,153.00884,location
USA,Florida,"Fort Pierce, St. Lucie County",27.447119,-80.337237,location
AUSTRALIA,Western Australia,"South Point, Gracetown",-33.866709908,114.989080385,location
USA,California,"Drakes Estero, Point Reyes, Marin County",38.0863134,-122.953886,location
AUSTRALIA,New South Wales,Avoca Beach,-33.470895047,151.430842436,location
SOUTH AFRICA,Western Cape Province,Hawston,-34.38634,19.13099,location
NEW ZEALAND,North Island,Off Tutukaka,-35.6093463,174.5249146,location
USA,Florida,"Jacksonvlle, Duval County",30.325968,-81.65676,location
USA,Florida,"Singer Island, Palm Beach County",26.785748,-80.037079,location
AUSTRALIA,Western Australia,"Point Casuarina, Bunbury",-33.31667,115.63333,location
AUSTRALIA,Queensland,Weipa,-12.624960014,141.877709975,location
USA,Florida,"Mayport Naval Station Beach, Duval County",30.378533,-81.410167,location
AUSTRALIA,Queensland,"Kings Beach, Caloundra",-26.80074,153.14466,location
USA,Hawaii,"Makaha, Oahu",21.468004,-158.214988,location
USA,Florida,"Flagler Beach, Flagler County",29.475972,-81.1248531,location
AUSTRALIA,New South Wales,Kingscliff,-28.26463162,153.575020722,location
USA,Florida,"Fort Myers Beach, Lee County",26.452409,-81.953765,location
USA,Florida,"Pepper Park Beach, St. Lucie County",27.495976,-80.300539,location
AUSTRALIA,South Australia,"Middleton Point, Fleurieu Peninsula",-35.39065,138.68357,location
USA,California,Catalina Channel,33.58336,-118.38424,location
AUSTRALIA,Victoria,"Flinders, Mornington Penisula",-38.454765047,144.987693038,location
BRAZIL,Pernambuco,Coral Cove Beach,-8.325217431141,-37.997678124046,location
AUSTRALIA,Victoria,Cape Nelson,-38.43333,141.55,location
AUSTRALIA,New South Wales,Green Island,-35.0152,150.7679,location
USA,Florida,"St. Augustine Beach, St. John's County",29.852015,-81.267319,location
USA,Hawaii,"Spreckelsville, Maui",20.9073269,-156.4066558,location
USA,California,Off Catalina Island,33.38336,-118.41758,location
AUSTRALIA,New South Wales,Broughton Island,-32.61667,152.35,location
AUSTRALIA,New South Wales,Maroubra,-33.942513696,151.241541427,location
REUNION,Saint Gilles,Trois-Roches,-21.05203,55.22571,location
VIETNAM,Binh Dinh Province,Quy Nhon,13.77648,109.22367,location
BAHAMAS,Abaco Islands,Spanish Cay,26.93361,-77.55015,location
AUSTRALIA,New South Wales,"Shelly Beach, near Port Macquarie",-31.45403,152.93144,location
USA,Florida,"Ormond-by-the-Sea, Volusia County",29.3509961,-81.0672686,location
SOUTH AFRICA,Western Cape Province,Struis Bay,-34.80365,20.05474,location
MEXICO,Guerro,Troncones Beach,22.944545833,-104.645476667,location
USA,Florida,"Ponce Inlet,  New Smyrna Beach, Volusia County",29.046454878549,-80.936944644097,location
USA,Florida,"Florida Keys, Monroe County",24.66709,-81.58314,location
USA,Florida,"Alligator Reef off Islamorada, Monroe County",24.85131,-80.61771,location
Sierra Leone,Western Area,"Lumely Beach, Freetown",8.473818533865,-13.282966289886,location
USA,Florida,"Cape San Blas, Gulf County",29.66355,-85.35547,location
USA,Texas,Crystal Beach (east of Galveston),29.458055208526,-94.64036018331,location
USA,North Carolina,"Carolina Beach off Texas Avenue, New Hanover County",34.016360089999,-77.902918933565,location
USA,Florida,"Crescent Beach, Sarasota County",27.249964,-82.537014,location
USA,South Carolina,"North of Apache Pier, Myrtle Beach, Horry County",33.7674227,-78.7862298,location
NEW ZEALAND,North Island,Te Arai Point,-36.1637599,174.6529603,location
AUSTRALIA,Western Australia,Binningup,-33.147444762,115.690910475,location
SOUTH AFRICA,KwaZulu-Natal,Ballito,-29.525930223937,31.205248187882,location
USA,Florida,"Ocean Reef Park, Singer Island, Palm Beach County",26.79372,-80.03288,location
AUSTRALIA,Northern Territory,Nhulunbuy,-12.182102275,136.782561785,location
USA,Florida,"St Augustine Beach, St Johns County",29.852015,-81.267319,location
USA,Florida,"a pier at the end of Caxambas Drive, Marco Island",25.92076900458,-81.697941996017,location
AUSTRALIA,Western Australia,"Honeycombs, 250 km south of Perth",-31.975412491,115.84767255,location
USA,North Carolina,"North Topsail Beach, Onslow County",34.4710769,-77.4666599,location
USA,Texas,Padre Island National Seashore,27.491468,-97.27984,location
USA,Hawaii,"Sandy Beach, Oahu",21.2857744,-157.6723628,location
USA,Alabama,"Gulf Shores, Baldwin County",30.272469,-87.68743,location
BRAZIL,Pernambuco,"Boa Viagem Beach, Recife",-8.12772,-34.89827,location
MOZAMBIQUE,Gaza,"Bilene Bay, 180 km north of Maputo",-25.027763148745,33.175396695778,location
USA,Hawaii,"Ha'ena, Kaua'i",22.2,-159.58333,location
TONGA,Vava’u,Near Tapana Island,-18.71432,-173.99298,location
SOUTH AFRICA,Eastern Cape Province,"Nahoon Beach, East London",-32.9847175,27.9454288,location
USA,Florida,"Treasure Shores Beach, Indian River County",27.799487,-80.416153,location
USA,Hawaii,"Honomuni, Moloka'i",21.09907,-156.79416,location
REUNION,L'Etang-Salé,"Ravine des Sables, Saint Leu",-21.275837866192,55.380385187409,location
USA,Texas,"Mustang Island State Park, Nueces County",27.7856128,-97.0988794,location
AUSTRALIA,Queensland,Fraser Island,-25.392816333,153.03179659,location
USA,California,"Monterey Bay, Monterey County",36.79996,-121.90107,location
USA,Hawaii,"Waialua Beach, Moloka'i",21.0891,-157.02219,location
VANUATU,Malampa Province,Vao Island,-15.8978,167.30905,location
AUSTRALIA,Western Australia,Fourth Beach / Twilgth Beach,-33.8865312,121.8595424,location
USA,North Carolina,New Hanover County,34.181492430764,-77.865604150934,location
USA,California,"Off Shelter Cover (between Fort Bragg & Eureka), Humboldt County",40.028592,-124.072576,location
USA,South Carolina,"Folly Beach, Charleston County",32.655954,-79.941069,location
SOUTH AFRICA,KwaZulu-Natal,Salt Rock,-29.482857859386,31.24669035572,location
IRAN,Unknown,"Ramin, near Ahvaz",31.31901,48.6842,location
USA,California,"Pigeon Point, San Mateo County",37.18127,-122.39471,location
SOUTH AFRICA,Eastern Cape Province,Bonza Bay,-32.97374,27.95776,location
USA,California,"Morro Rock, Morro Bay, San Obispo County",35.3694,-120.8678,location
USA,California,"South Moss Beach, Spanish Bay, Monterey Peninsula",33.7484739,-118.1230117,location
USA,Florida,20 miles from Mayport,30.3927094,-81.4310423,location
AUSTRALIA,Queensland,Bribie Island,-26.95056,153.12418,location
AUSTRALIA,Queensland,Harvey Bay,-27.4705362,153.0259877,location
REUNION,Saint-Philippe,Basse Vallée,-21.352414109508,55.705879655251,location
MEXICO,Veracruz,Veracruz,19.186026907,-96.157282698,location
USA,Florida,"Key West, Monroe County",24.5597511,-81.7837032,location
SENEGAL,Cap Vert Peninsula,Hann,14.73886,-17.4638,location
AUSTRALIA,Unknown,Aquarium,-33.7881,150.8678,location
NEW ZEALAND,North Island,Leigh,-39.0,176.0,location
USA,Florida,"Municipal Bathing area, Riviera Beach, Palm Beach County",26.7834459,-80.0547546,location
PHILIPPINES,Unknown,"Grounded off Scarborough Shoals, 150 miles northwest of Manila in the South China Sea",15.38316,120.59253,location
SOUTH AFRICA,KwaZulu-Natal,Amatikulu,-29.0476381,31.5280408,location
AUSTRALIA,Victoria,"East of Station Pier, Port Melbourne",-37.84128,144.93196,location
AUSTRALIA,New South Wales,"North Solitary Island, 8 miles from Wolli",-30.308218617136,153.132814026034,location
USA,Florida,"Panama City, Bay County",30.1852107,-85.7308328,location
USA,Connecticut,"3 days out of Old Saybrook, Connecticut, 37.04'N, 67.57'W, Southern fringe of Gulf Stream",41.295121,-72.382292,location
FIJI,Lau Province,"Dravuwalu, Totoya Island",-18.91325,-179.81223,location
USA,US Virgin Islands,"St. Thomas, Magens Bay",18.37079,-64.9357,location
USA,California,"Solana Beach, San Diego County",32.989258,-117.272469,location
AUSTRALIA,Western Australia,"North of main swimming area in Waterman's Bay Beach, Perth",-31.943841237,115.860522474,location
NEW BRITAIN,East New Britain Province,Kokopo,-4.350389,152.273056,location
AUSTRALIA,Western Australia,Shark Bay,-26.132698367,113.420939812,location
AUSTRALIA,Tasmania,Off Tasman Island,-43.23818,148.00249,location
USA,Florida,"2 miles east of Dania Beach, Broward County",26.052229815805,-80.143644930567,location
AUSTRALIA,New South Wales,Off Broughton Island near Port Stephens,-32.735453541,151.886602806,location
AUSTRALIA,South Australia,Laura Bay,-32.241461299,133.832525092,location
BERMUDA,Hamilton,Astwood's Cove,32.299348021542,-64.789648855764,location
USA,Florida,"Off Port Everglades, Broward County",26.097032,-80.127267,location
PAPUA NEW GUINEA,Kikori River mouth,"Ururumba, mouth of Kikori River 7.45S, 144.40E",-7.4073334,144.2367554,location
MEXICO,Guerrrero,Acapulco,16.859177,-99.871416,location
USA,Florida,"Turtle Beach, Siesta Key, Sarasota County",27.219678501383,-82.516244711737,location
SOLOMON ISLANDS,Honiara,Honiara,-9.43333,159.95,location
MARSHALL ISLANDS,Eniwetok Atoll,Parry Island,11.48918,162.22889,location
Unknown,Between Comores & Madagascar,Geyser Bank,-19.37694393,46.697882671,location
PAPUA NEW GUINEA,New Ireland Province,Enuk Island,-2.65,150.73333,location
YEMEN,Aden,Telegraph Bay,12.77651,44.97779,location
AMERICAN SAMOA,Tutuila Island,Near tuna cannery in Pago Pago Harbor,-14.2732804,-170.70297,location
AUSTRALIA,Queensland,Fitzroy Island,-16.92901879,145.990539521,location
PAPUA NEW GUINEA,Milne Bay Province,"Off Rossel Island, Louisiade Archipelago",-11.2,153.0,location
USA,California,"Off Santa Monica, Los Angeles County",34.0109323,-118.4915123,location
NORTH ATLANTIC OCEAN,South Carolina,400 miles off the le,32.143129,-80.750963,location
AUSTRALIA,New South Wales,Hawkesbury River,-33.6025,150.8189,location
AUSTRALIA,Queensland,"Peterson's Beach, Sarina",-21.413417335612,149.224438036687,location
USA,Florida,3 miles north of the inlet at Palm Beach,26.9647234571,-80.08536520418,location
AUSTRALIA,Queensland,Tewantin,-26.392368902,153.029833639,location
SOLOMON ISLANDS / VANUATU,Unknown,"North of Guadalcanal, Solomon Islands while enroute to Vanuatu",,,failed
SOLOMON ISLANDS,Makora-Ulawa Province,Cape Esperance (near Savo Islands),-10.55751,161.78517,location
IRAN,Khuzestan Province,"Ahvaz, on the Karun River",32.1789,49.2502,location
PAPUA NEW GUINEA,Central Province,Port Moresby,-10.0,148.0,location
AUSTRALIA,Queensland,Between Wynnum & St. Helena Island,-27.387760006,153.234021225,location
SOUTH AFRICA,KwaZulu-Natal,"Bilanhlolo River Mouth, Ramsgate",-30.8797005,30.3531873,location
SOUTH AFRICA,Western Cape Province,Cape Point,-34.35717,18.49752,location
USA,California,"Hermosa Beach, Los Angeles County",33.8635,-118.395151,location
USA,Georgia,"Thunderbolt, Chatham County",32.035796,-81.055358,location
USA,California,"San Diego, San Diego County",32.71576,-117.1638173,location
CUBA,Havana Province,"Off Jaimanitas Yacht Club, Havana",23.08996,-82.48609,location
AUSTRALIA,Northern Territory,Arnhem Land,-13.25827,134.8303,location
USA,New Jersey,"1 mile ESE of Navesink, Monmouth County",40.406416937473,-74.041513680408,location
SOUTH AFRICA,Western Cape Province,"Melkbaai, False Bay",-34.10975,18.8181,location
USA,Florida,"Bayboro, Pinellas County",27.905427886454,-82.740797637927,location
SOUTH AFRICA,Eastern Cape Province,"St. George’s Strand, Port Elizabeth",-33.8236833,25.65671,location
AUSTRALIA,New South Wales,"Black Head, south of Taree",-31.938802903,152.461568814,location
PHILIPPINES,Luzon Island,"Olongapo Harbor, Subic Bay",14.8775587,120.2349349,location
AUSTRALIA,New South Wales,Curl Curl,-33.77130275,151.290493215,location
SAMOA,Apolima Strait,Opposite Apelima &  Manona,-13.62080778,-172.447333214,location
GUYANA,Essequibo,Essequibo River Mouth,7.01242,-58.46687,location
AUSTRALIA,New South Wales,Paramatta River,-33.8153576,151.0189331,location
NEW ZEALAND,North Island,Takapuna,-36.787545,174.761214,location
SOUTH AFRICA,Western Cape Province,Victoria Bay,-34.0045,22.54873,location
PAPUA NEW GUINEA,New Britain,Matupi,-5.74307,150.77156,location
ITALY,Calabria,Nicotera,38.5555701,15.9375908,location
USA,Virginia,Norfolk,36.8461592,-76.2858937,location
EGYPT,Mediterranean Sea,Port Said,31.2571127,32.2953362,location
USA,Hawaii,Kau District,19.74028,-155.99417,location
USA,Mississippi,River mouth,38.734004,-90.2120736,location
PHILIPPINES,Misamis Oriental,Cagayan de Oro,8.48222,124.64722,location
AUSTRALIA,Victoria,Emerald Hill,-36.805673629504,144.467723328489,location
INDIA,West Bengal,"Hoogly River, Calcutta",22.5655734,88.3702152,location
AUSTRALIA,Queensland,Moreton Island,-27.17922788,153.375420795,location
INDIA,Hoogly River,Ghat,21.83231,88.03074,location
AUSTRALIA,Victoria,Brighton,-37.907931235,144.997821548,location
AUSTRALIA,Queensland,Cleveland,-27.528661684,153.269189301,location
NORWAY,Unknown,Herøy,62.331217549388,5.604412516721,location
ANTIGUA,Unknown,Falmouth Harbour,41.546377327646,-70.579215015665,location
SPAIN,Unknown,Guadalquivir River,36.78933,-6.36763,location
ITALY,Sardinia,"Ponte della Maddelena,",39.217506219614,9.109167488318,location
USA,New York,"Quogue Village Beach, Suffolk County",40.81285,-72.58007,location
USA,Florida,"Virginia Key, Monroe County",24.554864821958,-81.791076601384,location
USA,Florida,"Redington Beach, Pinellas County",27.81007,-82.813611,location
EGYPT,Unknown,Sidi Abdel Rahmen,30.97099,28.73604,location
FRENCH POLYNESIA,Marquesas,Ua Pou,-9.39216,-140.07594,location
ST KITTS / NEVIS,The Narrows,Booby Island,17.339711689,-62.765603846,location
USA,Florida,Florida Keys,24.66709,-81.58314,location
USA,California,"Pleasure Point, Santa Cruz County",36.963524,-121.964888,location
USA,Guam,Talofofo Bay,13.33749,144.76745,location
AUSTRALIA,Western Australia,"Burns Beach, Perth",-31.724648077,115.723549326,location
USA,Rhode Island,"Moonstone Beach, South Kingstown, Washington County",41.3708526,-71.5730683,location
AUSTRALIA,Queensland,Line Reef,-19.68333,149.2,location
AUSTRALIA,Queensland,"Catseye Beach, Hamilton Island, Whitsundays",-20.3464,148.9575,location
EGYPT,Unknown,Brothers' Island,26.30673,34.85567,location
ITALY,"Chieti, Province",Torino di Sangro,42.191,14.54272,location
MALDIVES,Alifu Alifu Atoll,Madoogali,4.0957634,72.7524285,location
AUSTRALIA,New South Wales,Martin Islet,-34.4902,150.9346,location
SOUTH AFRICA,Western Cape Province,Dyer Island,-34.6822,19.41797,location
USA,South Carolina,"Sea Pines Resort, Hilton Head Island, Beaufort County",32.127936,-80.7899915,location
USA,Florida,"Haulover Beach, Miami-Dade County",25.9123,-80.1213,location
MEXICO,Tabasco,"Sánchez Magallanes, Cárdenas",18.294068,-93.861549,location
USA,South Carolina,"South Forest Beach, Hilton Head Island, Beaufort County",32.137155763331,-80.764188065346,location
BAHAMAS,New Providence,Athol Island,25.08333,-77.26667,location
USA,South Carolina,Georgetown County,33.412799839736,-79.299229379641,location
PHILIPPINES,Luzon Island,"Villamar, Caoayan",17.5334722,120.399043,location
AUSTRALIA,Western Australia,Coral Bay,-23.143568033,113.772903449,location
USA,Florida,"Ponte Vedra, St. Johns County",30.094227,-81.405774,location
SOUTH AFRICA,Western Cape Province,"Robberg Beach, Plettenberg Bay",-34.100822,23.397162,location
USA,California,"Off Leffingwell Landing, San Luis Obispo County",35.5808,-121.11908,location
AUSTRALIA,Victoria,Tyrendarra Beach near Portland,-38.218595687,141.796191537,location
USA,Hawaii,Kanahena Cove,20.66956,-156.44219,location
USA,Hawaii,Lahaina,20.877113,-156.681325,location
AUSTRALIA,Western Australia,Three Stripes near Cheynes Beach,-31.858147388258,115.769008382116,location
AUSTRALIA,Victoria,Paradise Beach,-38.189827918,147.422326598,location
USA,Florida,"Santa Lucea Beach, South Hutchinson Island, St. Lucie County",27.286106,-80.223526,location
USA,Florida,Key West Aquarium,24.5590759,-81.8073375,location
AUSTRALIA,New South Wales,Terrigal Beach,-33.4462,151.4447,location
ECUADOR,Santa Elena,Barandúa Beach,-2.160393599844,-80.816703163072,location
USA,Hawaii,"Makahuena Point, Kauai",21.86861,-159.44436,location
USA,Florida,Riviera Beach,26.7834459,-80.0547546,location
EGYPT,St. Johns Reef,Habili Gafar,23.44466,35.98302,location
AUSTRALIA,New South Wales,South Broulee,-36.665538060291,149.837842843666,location
NEW ZEALAND,South Island,Karitane Beach,-45.642359,170.6626763,location
AUSTRALIA,New South Wales,Fingal Beach,-32.7477,152.1708,location
NEW ZEALAND,North Island,Hawkes Bay,-39.0926452,177.283616,location
FRENCH POLYNESIA,Society Islands,Tahiti,-17.17568,-150.38631,location
AUSTRALIA,Queensland,200 km east of Coolangatta,-28.168344856,153.536642946,location
BRAZIL,Pernambuco,Itamaracá,-7.74778,-34.82556,location
USA,North Carolina,"North Topsail Beach, Onslow  County",34.4710769,-77.4666599,location
ITALY,Unknown,Lampedusa Island,35.51667,12.58333,location
USA,Texas,"Sargent Beach, Matagorda County",28.982196381887,-95.937553057206,location
USA,Hawaii,"Leftovers, near Waimea Bay, O'ahu",21.439542579,-157.94363193,location
USA,Florida,"New Smyrna  Beach, Volusia County",29.029722,-80.9237495,location
AUSTRALIA,New South Wales,"Park Beach, Coff's Harbour",-30.290512,153.13928,location
NEW ZEALAND,North Island,Taupiri Bay,-36.781795,174.9945339,location
USA,North Carolina,"Rodanthe, Dare County",35.594871,-75.467858,location
USA,Texas,"Bryan Beach, Brazoria County",28.883306,-95.378552,location
TONGA,Nuku'alofa,30 nautical miles offshore,-21.1390711,-175.2009107,location
NEW ZEALAND,"South Island, near Karitane north of Dunedin",South Beach,-45.638843332,170.655110434,location
INDIA,Tamil Nadu,"Mahabalipuram beach, 37 km south of Chennai",12.950667749602,80.243862592729,location
USA,Florida,"South Jetty, New Smyrna Beach, Volusia County",29.1733425,-80.9800404,location
USA,California,"Venice Beach, Los Angeles County",33.9867816,-118.4729934,location
USA,Florida,"Vero Beach, Indian River County",27.638883,-80.38908,location
USA,South Carolina,"Myrtle Beach, Horry County",33.68785,-78.883852,location
AUSTRALIA,Queensland,Sunshine Beach,-26.40524615,153.109089371,location
USA,Florida,"New Smyrna Beach / Waveland, Volusia County",29.029722,-80.9237495,location
USA,Hawaii,"Ewa Beach, O'ahu",21.326943,-158.020218,location
AUSTRALIA,Western Australia,"Cottesloe Beach, Perth",-31.9939,115.751,location
MAURITIUS,Unknown,Belle-Mare,-20.1975623,57.7750986,location
USA,Florida,"North Jetty, Fort Pierce Inlet State Park, St. Lucie County",27.4842788,-80.3052946,location
OKINAWA,Miyako,Hirara,24.84658829,125.30316375,location
USA,Hawaii,"Sunset Beach, O'ahu",21.67011,-158.04567,location
FIJI,Yasawa Islands,Waya Island,-16.79358,177.50689,location
USA,Florida,"Bill Baggs Cape Florida State Recreation Area, Miami-Dade County",25.6786491,-80.154557,location
USA,California,"Sunset Cliffs, San Diego, San Diego County",32.73212,-117.25651,location
BAHAMAS,Unknown,Rum Cay,23.6495354,-74.8369193,location
USA,Florida,"Miami Beach, Dade County",25.560634338004,-80.391063512477,location
AUSTRALIA,Western Australia,Albany,-35.025111419,117.883783979,location
USA,North Carolina,Pamlico Sound,35.31267,-75.93712,location
USA,California,"Castle Rock, San Miguel Island, Santa Barbara County",34.055,-120.4371,location
BAHAMAS,Abaco Islands,Double Breasted Cays,27.1944,-78.26587,location
REUNION,La Saline-les-Bains,Revine-3-Bassins,-21.18249,55.29282,location
SOUTH AFRICA,Western Cape Province,Gordon’s Bay,-34.15881,18.86476,location
SOUTH AFRICA,KwaZulu-Natal,Protea Reef,-28.77974,31.48077,location
AUSTRALIA,Tasmania,Shelly Point,-42.567966059966,147.886516158777,location
USA,Hawaii,"Kahe Point, O'ahu",21.35184,-158.13047,location
AUSTRALIA,South Australia,"Waitpinga Beach, near Victor Harbor, Encounter Bay",-35.570193834179,138.58839098524,location
JAPAN,Tokyo Prefecture,Ogasawara Islands,27.0,142.16667,location
USA,Florida,"North of Jupiter Inlet, Palm Beach County",26.970010026061,-80.115292956964,location
SOUTH AFRICA,KwaZulu-Natal,St. Lucia,-28.377586376082,32.413332481892,location
SOUTH AFRICA,Western Cape Province,Agulhas Banks,-34.8223,20.01734,location
SPAIN,Cádiz,Tarifa,36.0127143,-5.6029544,location
USA,California,"Southeast Farallon Island, Farallon Islands",37.69851,-123.0028,location
USA,Florida,"Wabasso Beach, Indian River County",27.763276,-80.398448,location
SOUTH AFRICA,Western Cape Province,"Muizenberg, False Bay",-34.09702,18.47969,location
USA,Florida,"Off Lake Worth, Palm Beach County",26.61708,-80.07231,location
USA,Florida,"Jupiter Island, Brevard County",28.368992499713,-80.768066523954,location
ENGLAND,Unknown,Isle of Wight,50.675887752776,-1.296675691803,location
USA,California,"North of Point Sur, Monterey County",36.30481,-121.90098,location
USA,Oregon,Myers Creek,43.16289,-124.15538,location
MOZAMBIQUE,Gaza,"Chongeone, Xai Xai",-25.00833,33.78889,location
USA,California,"Point Purisima, Santa Barbara County",34.75609,-120.63656,location
SENEGAL,Cap Vert Peninsula,"Bel Air, Dakar",14.7028279,-17.4243195,location
FIJI,Unknown,70 miles from Suva,-18.1433693,178.4371712,location
AUSTRALIA,Queensland,Mermaid Beach,-28.05112339,153.43574161,location
AUSTRALIA,New South Wales,Wombarra Beach near Austinmeer,-34.306542712,150.930946637,location
MADAGASCAR,Unknown,"Onboard tuna boat, M.V. Toscui Maru",-19.37694393,46.697882671,location
AUSTRALIA,South Australia,Marino,-35.04627416,138.514374114,location
NEW BRITAIN,East New Britain Province,Rabaul,-4.1948704,152.1686478,location
USA,California,"Tomales Point, Marin County",38.2327,-122.9875,location
MOZAMBIQUE,Gaza,"Sepulveda Beach, Xai Xai",-25.1141452,33.7306002,location
PERSIAN GULF,United Arab Emirates,Dubai,25.160101,55.407902,location
SENEGAL,Cap Vert Peninsula,Thiaroye Guedi,14.7425,-17.37944,location
USA,California,"Off Point Mugu, Ventura County",34.08529,-119.06113,location
USA,South Carolina,"Atlantic Beach, Horry County",33.806335,-78.717591,location
AUSTRALIA,New South Wales,"Just below Roseville Bridge, opposite Killarney picnic reserve, Middle Harbor, Sydney",-33.773218560171,151.20357705616,location
USA,California,"Bodega Rock, Sonoma County",38.29603,-123.04834,location
AUSTRALIA,New South Wales,Maroubra Bay,-33.94959,151.25904,location
USA,New York,Staten Island,40.643498,-74.076203,location
USA,Hawaii,East Moloka'i,21.154117793187,-157.10189199891,location
THE BALKANS,Slovenia,Between Punta Grossa & Koper,45.539260238,13.724834142,location
USA,Hawaii,"Wailupe, O'ahu",21.275498,-157.757042,location
AUSTRALIA,New South Wales,Jervis Bay,-35.079118572,150.779462008,location
AUSTRALIA,Queensland,"Burleigh Heads, Brisbane",-28.089438723,153.447925506,location
ITALY,Tyrrhenian Sea,"Sprizze, Isola d'Elba",43.9249709,11.8748917,location
AUSTRALIA,Western Australia,"Leighton Beach, North Fremantle",-32.0245,115.7503,location
KENYA,Coast Province,"Kilindini Harbor, Mombasa",-4.0614652,39.6521275,location
SOUTH AFRICA,KwaZulu-Natal,"Battery Beach, Durban",-29.83889,31.03611,location
USA,Florida,"Atlantic Beach, Mayport,  Duval County",30.344380700267,-81.408371247316,location
AUSTRALIA,Queensland,"Great Barrier Reef, off Cairns",-16.881566162323,145.745694559521,location
AUSTRALIA,New South Wales,"Stockton Beach, Newcastle",-32.9107035,151.7878444,location
AUSTRALIA,New South Wales,Gerringong,-34.739809554,150.825383967,location
PANAMA,Colon Province,Limon Bay,9.185635594501,-80.015554486003,location
AUSTRALIA,Queensland,"Ross River, Townsville",-19.483735715,146.825896723,location
USA,Hawaii,"Lahaina, Maui",20.877113,-156.681325,location
AUSTRALIA,Queensland,Arlington Reef near Cairns,-16.769189977749,145.678010391262,location
AUSTRALIA,Torres Strait,Near Boydong Cay,-9.561435995,142.288520258,location
BARBADOS,St Michael Parish,Off Pelican Island,13.10066,-59.62849,location
PHILIPPINES,Manila,Fort Mills,14.5822592,120.9748038,location
AUSTRALIA,Torres Strait,Badu Island,-10.15,142.16667,location
USA,New Jersey,20 miles off Seabright,40.3615,-73.97403,location
USA,Hawaii,"Hale'iwa, O'ahu",21.59284,-158.10339,location
USA,Hawaii,"Hilo Bay Yacht Club, Hilo, Hawai'i",19.73593,-155.07773,location
ENGLAND,Dorset,Weymouth,50.606978629,-2.45553736,location
SPAIN,Galica,Sisargas Islands,43.35708,-8.83661,location
AUSTRALIA,New South Wales,"Botany Bay, Sydney",-33.968435724,151.205163386,location
USA,South Carolina,"James Island Sound, Charleston",32.727432,-79.948238,location
SAN DOMINGO,60 miles north of San Domingo in the West Indies,Muchoir Banks,23.325370256,-101.737092196,location
USA,New Jersey,"In Matawan Creek, off NJ Clay Company brickyards at Cliffwood, Monmouth County, 9.5 miles from the sea, Monmouth County",40.43677,-74.23959,location
USA,New Jersey,"Atlantic City, Atlantic County",39.360611,-74.4318753,location
AUSTRALIA,Victoria,Sandringham,-37.952803687,145.01409055,location
USA,Florida,"John's Pass, Pinellas County",27.785426,-82.781936,location
VIETNAM,Khánh Hòa Province,Nha Trang,12.24507,109.19432,location
AUSTRALIA,New South Wales,"Middle Harbour, Sydney",-33.790870603,151.226941183,location
CROATIA,Istria County,Porec,45.25,13.66667,location
AUSTRALIA,New South Wales,Kerosene Bay,-33.8318,151.1846,location
AUSTRALIA,New South Wales,Newcastle,-32.926904294,151.772937438,location
AUSTRALIA,Western Australia,Barrow Passage,-33.257371391164,115.727450396494,location
USA,Texas,Rockport,28.041249,-97.042511,location
AUSTRALIA,Queensland,Torres Strait,-9.561435995,142.288520258,location
USA,Connecticut,"Bridgeport, Fairfield County",41.17923,-73.18945,location
USA,Florida,"Between Lake Worth & Biscayne Bay, near Hillsboro",27.90623,-82.34692,location
AUSTRALIA,South Australia,Port Phillip,-34.695355906922,138.708955057401,location
AUSTRALIA,New South Wales,Clarence Heads,-29.43172,153.36571,location
AUSTRALIA,New South Wales,Port Jackson,-33.84571,151.26248,location
USA,North Carolina,"Smithville (now Southport), Brunswick County",33.92156,-78.02027,location
SPAIN,Cádiz,Off Algeciras,36.1145214,-5.4704993,location
NEW ZEALAND,North Island,"Wynyard Wharf, Auckland Harbor",-36.8375909,174.7592843,location
USA,Maryland,Patapsco River,39.17372,-76.44329,location
ENGLAND,Devon,Mill Bay,50.229439,-3.7666917,location
AUSTRALIA,New South Wales,"Cockle Bay, Sydney Harbour",-33.8581368,151.2138998,location
AUSTRALIA,New South Wales,Sydney Harbor,-33.8581368,151.2138998,location
USA,Maryland,a tidal river,38.336221647875,-75.102104965955,location
SPAIN,Valencia,Rabdells Beach,38.9086468,-0.0676909,location
USA,Florida,"Davis Reef, Islamorada, Monroe County",24.881650009137,-80.693498514916,location
USA,Florida,Hobe Sound,27.0676296,-80.1358242,location
AUSTRALIA,New South Wales,Avoca,-34.593227789,150.471054424,location
USA,Florida,"Keaton Beach,",29.8246967,-83.5920459,location
USA,Maryland,"Ocean City, Worcester County",38.331578,-75.086163,location
USA,Florida,"Homestead, Miami-Dade County",25.469811,-80.477347,location
USA,Florida,"Satellite Beach, Brevard County",28.176014,-80.590465,location
USA,Hawaii,"Haleiwa, Oahu",21.592989,-158.10343,location
USA,Hawaii,O'ahu,21.43333,-157.96667,location
USA,Hawaii,Kaiwi Channel,21.19017,-157.3007,location
AUSTRALIA,Western Australia,Two Rocks near Three Mile Reef,-31.77556,115.675,location
AUSTRALIA,Queensland,"Cid Harbor, Whitsundays",-20.287914102424,148.790092193054,location
USA,Florida,"Lighhouse Point Park, Ponce Inlet, Volusia County",29.0816669,-80.9242683,location
NEW CALEDONIA,Unknown,"Magenta Beach, Noumea",-21.48333,168.01667,location
BRAZIL,Fernando de Noronha,Conceicao Beach,-3.8419,-32.418,location
SOLOMON ISLANDS,Unknown,Owarigi Island,-9.622803768,160.160289649,location
USA,California,"Seal Rock, Goleta Beach, Santa Barbara",34.4162748,-119.8338425,location
USA,Florida,"Middle Sambo Reef off Boca Chica, Monroe County",25.135663737474,-81.519588715928,location
USA,Hawaii,"Kekaha Beach, Kauai",21.9642,-159.7089,location
AUSTRALIA,Victoria,Queenscliff,-38.267488026,144.656118018,location
MEXICO,Unknown,Guadalupe Island,29.04521,-118.27754,location
USA,Alabama,8 miles off Mobile,30.763487,-88.1269874,location
USA,California,"Capitola, Santa Cruz County",36.973068,-121.952033,location
AUSTRALIA,South Australia,Wrights Bay,-37.044616621165,139.771878952553,location
AUSTRALIA,New South Wales,Bondi Beach,-33.889387797,151.272464529,location
BRAZIL,Pernambuco,Fernano de Noronha,-3.8460421,-32.4120387,location
COSTA RICA,Guanacaste,Playa Grande,10.4849,-85.796,location
AUSTRALIA,New South Wales,"Flat Rock, Yamba",-35.3407,150.4776,location
AUSTRALIA,Western Australia,Denmark,-34.960045625,117.353014699,location
USA,Florida,"Resident's Beach, Marco Island",25.9354292,-81.7331285,location
AUSTRALIA,New South Wales,"Clarkes Beach, Byron Bay",-28.63969,153.62728,location
USA,Florida,"South of Cocoa Beach, Brevard County",28.278673,-80.606758,location
USA,Texas,"West Beach, Galveston",29.2001,-94.9418,location
AUSTRALIA,Victoria,Winkipop Beach,-38.36808,144.28495,location
AUSTRALIA,South Australia,"Goldsmith Beach, Yorke Peninsula",-35.15153,137.68548,location
AUSTRALIA,Western Australia,Perth,-31.943841237,115.860522474,location
AUSTRALIA,Western Australia,Near Legendre Island,-20.38811,116.8805,location
NIGERIA,Delta,Oboro,5.187647,5.8772782,location
CHILE,Antofagasta Province,Antofagasta,-23.6266015,-70.390128,location
SOUTH AFRICA,KwaZulu-Natal,"uShaka Aquarium, Durban",-29.869908,31.0448015,location
USA,Texas,"Sunday Beach, Matagorda Island, Calhoun  County",28.670634185881,-96.557673771471,location
EGYPT,South Sinai Peninsula,"Ras Nasrani, Sharm el-Sheikh",27.9158248,34.3262398,location
EGYPT,South Sinai Peninsula,Sharm el-Sheikh,27.9158248,34.3262398,location
SOUTH AFRICA,Western Cape Province,Between Dyer Island and Pearly Beach,-34.66277,19.49647,location
AUSTRALIA,New South Wales,Turners' Beach,-29.4304,153.3629,location
SOUTH AFRICA,KwaZulu-Natal,Alkantstrand,-28.80123,32.09618,location
AUSTRALIA,Queensland,Batt Reef,-16.41667,145.76667,location
USA,Puerto Rico,Quebradillas,18.463016264472,-66.926303736382,location
SOUTH AFRICA,KwaZulu-Natal,Cape Vidal,-28.12676,32.55906,location
BAHAMAS,New Providence Island,Nassau,25.0465887,-77.3765998,location
USA,Florida,Fort Myers,26.614149,-81.825769,location
AUSTRALIA,Queensland,"Moffat Beach, Caloundra",-26.79026,153.13845,location
BRAZIL,Pernambuco,"Pina, Recife",-8.0921388,-34.8837844,location
USA,Florida,"New Smyrna Beach / Cape Canaveral  National Seashore, Brevard County",28.677014472995,-80.648090286939,location
BRAZIL,Pernambuco,Piedade Beach,-8.1717,-34.9147,location
BAHAMAS,Abaco Islands,Green Turtle Cay,26.76799,-77.33079,location
USA,Hawaii,Punaluu,21.586047,-157.887647,location
BRAZIL,Pernambuco,"Piedade Beach, Recife",-8.05394221493,-34.878831966866,location
SOUTH AFRICA,Eastern Cape Province,"West Beach, Port Alfred",-33.58601,26.88329,location
USA,Florida,"North Hutchinson Island, St. Lucie Couny",27.475587143512,-80.317610553824,location
BRAZIL,Pernambuco,"Piedade, Recife",-8.05394221493,-34.878831966866,location
FRENCH POLYNESIA,Society Islands,Tetiaroa,-17.677397934,-149.400973297,location
USA,Florida,"Daytona Beach Shores, Volusia County",29.170157,-80.980442,location
MALAYSIA,Off the western coast of peninsular Malaysia,Pulau Pangkor (Pangkor Island),4.2165877,100.5649665,location
AUSTRALIA,South Australia,Ceduna,-32.124430953,133.673983747,location
USA,Florida,"Vaughn Beach, Flagler County",29.619279650794,-81.469765643689,location
USA,Alaska,Prince William Sound,60.615,-147.16806,location
USA,Texas,"Mustang Island, Corpus Christi",27.73948,-97.13166,location
PAPUA NEW GUINEA,Madang Province,"Long Island near Madang, about 500 km (310 miles) north of the South Pacific nation's capital of Port Moresby",-5.0,145.5,location
AUSTRALIA,New South Wales,"Taronga Wharf, Athol Bay, Sydney Harbor",-33.786973934626,150.900554704961,location
USA,Louisiana,Midnight Lump (38 miles offshore),31.757929614904,-93.492441955021,location
REUNION,L' Etang Salé-les-Bains,Roche-aux-Oiseaux,-21.264265,55.332641,location
USA,Florida,"South Beach Park, Indian River County",27.632854,-80.3519577,location
ITALY,Marches region,12 miles off Senigallia (Adriatic Sea),43.68133,13.23926,location
SOUTH AFRICA,Western Cape Province,Pringle Bay,-34.34103,18.82198,location
SOUTH AFRICA,Eastern Cape Province,Hole-in-the Wall,-32.03294,29.1107,location
BAHAMAS,Abaco Islands,Powell Cay,26.89787,-77.47803,location
USA,Florida,"Coral Cove Park, Palm Beach County",26.9631396,-80.0789406,location
AUSTRALIA,New South Wales,Lord Howe Island,-31.526727468,159.066882524,location
USA,Hawaii,"Ka’eleki’I Point, Maui",20.99344,-156.66909,location
AUSTRALIA,Queensland,"Pialba, Hervey Bay",-25.281260797,152.83515409,location
USA,North Carolina,"Off Masonboro Island, New Hanover County",34.12545,-77.85804,location
USA,Hawaii,"Goats Island (Moku’auia Island), Malaekahana State Recreation Area, Laie, O'ahu",21.661753359241,-157.933159049001,location
USA,Florida,"Manalapan, Palm Beach County",26.569649,-80.044693,location
JAPAN,Ehime Prefecture,"1.5 km north of Igata-cho, 60 km south of Matsyama",33.84078864187,132.773031486558,location
REUNION,Saint-Joseph,Lieu-dit Cayenne,-21.384074765931,55.612341393527,location
USA,California,"Trinidad State Beach, Humboldt County",41.0604,-124.1487,location
USA,Florida,"Pensacola, Escambia County",30.4068966,-87.2175711,location
USA,Hawaii,"90 miles east of Hilo, Hawai'i",19.7252577,-155.0890857,location
USA,Hawaii,"Wailua, Kaua'i",22.057657,-159.339773,location
USA,Hawaii,"Running Waters Beach, Ninini Point, Kaua'i",21.9589644,-159.3415124,location
PHILIPPINES,Mindoro,Off Manila,17.5530087,120.3524272,location
SOUTH AFRICA,Western Cape Province,SAOU Strand,-34.10687,18.82751,location
USA,Hawaii,"Kaliiwi, Kauai",22.01108,-159.70544,location
USA,Florida,"Indiatlantic, Brevard County",28.0894482,-80.5660328,location
USA,Florida,"Off Crystal River, Citrus County",28.899757,-82.595286,location
NEW CALEDONIA,Loyalty Islands,"We, Lifou",-20.91687,167.26461,location
USA,Florida,North Dade- Interama area of Biscayne Bay,30.23765,-85.63262,location
USA,Florida,"Patrick Air Force Base, Brevard County",28.2141861,-80.6105797,location
USA,Florida,"Playalinda Beach, Brevard County",28.7021316,-80.6671512,location
BRAZIL,Rio de Janeiro,Cabo Frio,-22.878683,-42.019875,location
USA,North Carolina,"Ocean Isle, Brunswick County",33.900049282896,-78.061581994137,location
SOUTH AFRICA,Eastern Cape Province,Sardinia Bay,-34.03693,25.50455,location
USA,Florida,"Neptune Beach, Duval County",30.312888,-81.398458,location
SOUTH AFRICA,Western Cape Province,Off Macassar Beach,-34.07535,18.73944,location
USA,California,"Off San Diego, San Diego County",32.71576,-117.1638173,location
AUSTRALIA,Queensland,Near Moreton Island in Moreton Bay,-27.346342534668,153.425471724566,location
USA,North Carolina,"Emerald Isle Pier (near Morehead City), Carteret County",34.6811877,-76.9188858,location
ITALY,Reggio Calabria Province,Bovalino,38.15376,16.17232,location
ITALY,Genoa Province,Cervara,44.86448,10.3059,location
SOUTH AFRICA,Western Cape Province,"Boggomsbaai, Mossel Bay",-34.18307,22.14605,location
USA,California,"Albion Cove, Albion, Mendocino County",39.224407043173,-123.763988735337,location
SOUTH AFRICA,Western Cape Province,Hartenbos,-34.13052,22.1129,location
WESTERN SAMOA,Upolu Island,Nu’ulua,-14.07286,-171.4105,location
JAMAICA,Clarendon,Off Rocky Point,17.774,-77.26107,location
TURKEY,Mugla Province,Kucukada Island,37.25438,27.55979,location
USA,Hawaii,50 miles NE of Honolulu,21.342004141228,-157.957298336855,location
NEW BRITAIN,Duke of York Islands,"Butliwan Village, 15 miles north of Rabaul",53.962026649,-1.083683588,location
AUSTRALIA,Western Australia,Metro coast,-32.297720469896,116.450986435405,location
USA,Florida,6 miles north of Palm Beach,26.817377,-80.065323,location
USA,Georgia,"Jekyll Island, Glynn County",31.0473627,-81.4115056,location
PANAMA,Unknown,"Jarque, just south of Piňas Bay",7.91838,-80.98239,location
AUSTRALIA,Victoria,Lady Beach at Warrnambool,-38.3799212,142.4879465,location
USA,New Jersey,"Seaside Park, Ocean County",39.9196544,-74.0787637,location
AUSTRALIA,Tasmania,Safety Cove,-43.17388,147.85996,location
PAPUA NEW GUINEA,Madang Province,Taludig,-5.0,145.5,location
PAPUA NEW GUINEA,Louisiade Archipelago,"Brooker Island , Calvados Chain",-11.2,153.0,location
SOUTH AFRICA,KwaZulu-Natal,Margate,-30.8636,30.37052,location
AUSTRALIA,New South Wales,"Tea Gardens, north of Newcastle",-33.05046063898,151.650941903339,location
USA,Florida,"8 miles off St. Marks, Wakulla County",30.158258,-84.20491,location
PAPUA NEW GUINEA,"Abau Subdistrict,Central Province",Mailu area,-10.38573,149.35755,location
USA,California,"Zuma Beach, Santa Monica, Los Angeles County",34.002667109962,-118.482431922888,location
AUSTRALIA,New South Wales,1.5 miles off shore,-28.833770770037,153.600544339791,location
AUSTRALIA,New South Wales,Sydney,-33.868719387,151.206957214,location
AUSTRALIA,Western Australia,"City Beach, Perth",-31.92850976,115.766119607,location
AUSTRALIA,Victoria,South Werribee Beach,-37.9734916,144.6882174,location
USA,Hawaii,"Off Makapauu Point, O'ahu",21.3108,-157.64918,location
AUSTRALIA,New South Wales,Coogee,-33.920796762,151.253728358,location
AUSTRALIA,Queensland,"Trinity Beach, Cairns",-16.788042509,145.695967659,location
SOUTH AFRICA,Eastern Cape Province,"Pollock Beach, Port Elizabeth",-33.98173,25.6614,location
SOUTH AFRICA,Eastern Cape Province,Kei River Mouth,-32.0,26.0,location
AUSTRALIA,New South Wales,"Bantry Bay, near Ironstone Point, Middle Harbor, Sydney",-33.790870603,151.226941183,location
AUSTRALIA,New South Wales,"North Brighton, Botany Bay",-33.950994846929,151.208013163372,location
SCOTLAND,Arran,Fallen Rocks,55.686474255,-5.176033418,location
AUSTRALIA,Torres Strait,On edge of reef near Warrior Island,-10.204054749,142.296162731,location
USA,Hawaii,"Pearl Harbor, O'ahu",21.281051,-157.800915,location
TURKEY,Unknown,"Bakurköy, Istanbul",40.981932,28.874003,location
CAPE VERDE,Santiago Island,Tarrafal,15.08737,-23.62576,location
AUSTRALIA,New South Wales,Bondi,-33.892808603,151.263011797,location
USA,Florida,Indian River area,27.77206,-80.605603,location
USA,New Jersey,Off shore,39.423185488785,-74.499736952805,location
SOUTH ATLANTIC OCEAN,South of the Equator,Steamship bound from Cape Town to Philadelphia,2.75,10.25,location
FIJI,Viti Levu Island,Rewa River,-17.84512,178.01903,location
USA,New Jersey,"Beach Haven, Ocean County",39.562884,-74.240556,location
USA,Hawaii,"Honomu, Hawai'i",19.875035,-155.1110646,location
SAMOA,Upolu Island,Apia Harbor,-13.91893,-171.7582,location
AUSTRALIA,Queensland,Ross Creek,-26.099179552,152.746494796,location
AUSTRALIA,New South Wales,"Waverly, Sydney",-34.001322200011,151.046535469733,location
AUSTRALIA,Tasmania,Bridport,-41.019648113,147.402319918,location
PHILIPPINES,Negros,Escalante,10.84028,123.49917,location
NEW ZEALAND,South Island,Preservation Inlet,-46.1018749,168.9187346,location
USA,Florida,Anastasia Island,29.82664,-81.27729,location
AUSTRALIA,New South Wales,"Iron Cove Bridge, Sydney (Estuary)",-33.857678743865,151.160904764584,location
INDIA,Gujarat,Cutch Coast,22.6,69.5,location
USA,New York,East River,42.64959,-76.123531,location
AUSTRALIA,New South Wales,Manning River,-31.879635,151.490779,location
MEXICO,Veracruz,Vera Cruz Harbor,19.186026907,-96.157282698,location
SPAIN,Eastern Catalona,Badalona,41.450137,2.2474195,location
USA,South Carolina,Off Charleston,32.77647,-79.931027,location
ENGLAND,Sussex,Brighton,50.822365338,-0.137653904,location
USA,Florida,Tampa Bay,27.76589,-82.54749,location
AUSTRALIA,Western Australia,Lucy's Beach,-28.9642,114.7266,location
ARGENTINA,Patagonia,Chubut Province,-43.296065,-65.1053325,location
ENGLAND,Cornwall,Penzance,50.118435107,-5.539321684,location
AUSTRALIA,Victoria,Ocean Grove  Beach,-38.2711,144.5247,location
BAHAMAS,Grand Bahama Island,East End Point,26.6122145,-78.3576311,location
AUSTRALIA,New South Wales,Cabarita Beach,-28.332751972,153.570593671,location
AUSTRALIA,New South Wales,Salt Beach near Kingscliff,-28.251938,153.574483,location
BAHAMAS,Abaco Islands,NoName Cay,26.74514,-77.28949,location
FRENCH POLYNESIA,Moorea,Opunohu Bay,-17.50005,-149.85725,location
SOUTH AFRICA,Eastern Cape Province,"East Beach, Port Alfred",-33.58601,26.88329,location
USA,Florida,"Stuart Beach, Martin County",27.2144,-80.175,location
REUNION ISLAND,Unknown,Sainte-Rose at the mouth of Riviere de l'Est,-21.121515371642,55.754511312654,location
USA,New York,"Sailors Haven, Fire Island, Suffolk County",40.6572,-73.1053,location
USA,South Carolina,Myrtle Beach,33.68785,-78.883852,location
USA,Hawaii,"Habush, Oahu",21.43333,-157.96667,location
MEXICO,Colima,La Ticla,18.454739637,-103.554556625,location
COSTA RICA,Cocos Island,Manuelita,5.528,-87.06275,location
USA,Hawaii,"White Plains Beach, Oahu",21.3035,-158.0452,location
AUSTRALIA,New South Wales,Evans Head,-29.112681283,153.42919478,location
INDONESIA,Bali,Balian Beach,-8.503112,114.965582,location
AUSTRALIA,New South Wales,Broken Head Beach,-28.714981,153.61455,location
SOUTH AFRICA,KwaZulu-Natal,Westbrook Beach,-29.5805313,31.1788593,location
USA,South Carolina,"Edisto Beach, Colleton County",32.4824626,-80.3279385,location
AUSTRALIA,New South Wales,Saltwater Beach,-31.9973812,152.5709653,location
SOUTH AFRICA,Eastern Cape Province,Nahoon Beach,-32.9871,27.93823,location
SOUTH AFRICA,Eastern Cape Province,Chintsa East Beach,-33.59786,26.90536,location
BRAZIL,Unknown,500 km off the coast of Pernambuco,-1.46554,-48.01583,location
AUSTRALIA,New South Wales,Lennox Head,-28.813397609,153.596179398,location
NEW ZEALAND,Unknown,Stewart Island,-46.898518146,168.124291069,location
USA,Florida,"Off Snipe Point, Florida Keys, Monroe County",25.102198176345,-80.435459810221,location
SOUTH AFRICA,Western Cape Province,"Sandstrand, Jongensfontein",-34.42562,21.33995,location
USA,Hawaii,Lanai,20.82757,-156.92399,location
FRENCH POLYNESIA,Society Islands,"Teahupoo, Tahiti",-17.84645,-149.26682,location
USA,Texas,"Follett's Island, Brazoria County",29.04247,-95.16965,location
INDONESIA,Bali,Balian,-8.5037,114.9708,location
USA,Oregon,Florence,43.9746636,-124.1031439,location
BAHAMAS,Exuma Islands,"Off Jaws Beach, New Providence Island",25.0181031,-77.5461382,location
USA,Florida,Off Tarpon Springs,28.14622,-82.756646,location
REUNION,Saint-Benoit,Bittern,-21.034019598,55.712583903,location
AUSTRALIA,New South Wales,Avalon,-33.628308591,151.326688778,location
USA,Florida,Hutchinson Island,27.29616,-80.21616,location
USA,North Carolina,North Carolina Aquarium at Fort Fisher,33.96266,-77.92612,location
NORWAY,Oslo Fjord,Sjøstrand,60.4264897,6.5476293,location
NEW CALEDONIA,South Province,Dumbéa,-22.15757,166.4572,location
USA,Florida,"Singer Island, Riviera Beach",26.78506,-80.03754,location
AUSTRALIA,Queensland,Great Barrier Reef,-17.98722,146.76979,location
USA,California,"Broad Beach, Malibu, Los Angeles County",34.0341,-118.8531,location
USA,Florida,"Hutchinson Island, St. Lucie County",27.286106,-80.223526,location
SOUTH AFRICA,Eastern Cape Province,Port Alfred,-33.58601,26.88329,location
USA,Hawaii,"Off Pu'u Ola'l, Makena, Maui",20.6558129,-156.4382664,location
USA,California,"Salmon Beach, Sonoma County",38.339369,-123.068137,location
USA,Texas,"Isla Blanca Park, South Padre Island, Cameron County",26.078265,-97.161479,location
AUSTRALIA,Victoria,Blairgowrie,-38.367014088,144.774237623,location
USA,Florida,"Disney / Vero Beach, Indian River County",27.638883,-80.38908,location
SOUTH AFRICA,KwaZulu-Natal,Karridene,-30.1277277,30.8460065,location
USA,Florida,Near Patrick Air Force Base Brevard County,28.2141861,-80.6105797,location
USA,California,"Salmon Creek, Sonoma County",38.351616,-123.06078,location
TONGA,Vava'u,Swimming with humpback whales,-18.596101488,-173.955748477,location
USA,Florida,"Lauderdale-By-The-Sea, Broward County",26.1910298,-80.0965315,location
USA,Florida,"Bonita Springs, Lee County",26.3456184,-81.7792616,location
USA,Florida,"St. Augustine, St. Johns County",29.896004,-81.316709,location
AUSTRALIA,New South Wales,Parramatta River,-33.8153576,151.0189331,location
MARSHALL ISLANDS,Ralik Chain,Kwajalein Atoll,9.182,167.308,location
SOUTH AFRICA,Western Cape Province,Saldanha Bay,-33.04982,17.98977,location
USA,Hawaii,"Sunset Beach, Oahu",21.67011,-158.04567,location
SOUTH AFRICA,Eastern Cape Province,"Duck Pond, Sardina Bay near Port Elizabeth",-34.03693,25.50455,location
USA,Massachusetts,"Truro (Cape Cod), Barnstable County",41.69779,-69.962062,location
USA,Florida,"Public Beach, Siesta Key, Sarasota County",27.2705798,-82.5602355,location
USA,California,"Bluefish Cove, Pt. Lobos State Park, Monterey County",36.521055,-121.94171,location
USA,Hawaii,"Opposite Grand Wailea Resort, Wailea, Maui",20.684374,-156.440543,location
JAPAN,Aichi Prefecture,Atsumi Peninsula,34.65919,137.24155,location
SPAIN,Costa Blanca,"Playa de las Arenas, Valencia",39.465642,-0.3232738,location
USA,California,"Abalone Point, Westport Union Landing, Mendocino County",39.6675,-123.7912,location
NEW CALEDONIA,South Province,Ile Moro,-22.11927,166.16199,location
AUSTRALIA,Tasmania,Tenth Island (King Island),-40.94,146.98,location
HONG KONG,New Territories,Sheung Sz Wan,22.4721614,114.2111189,location
USA,Oregon,"Winchester Bay, Douglas County",43.679382,-124.173781,location
AUSTRALIA,Queensland,Nerang River,-27.9895046,153.3395853,location
USA,Hawaii,"Mokapu, Kane'ohe Marine Air Corps Station, O'ahu",21.45045,-157.768,location
SOUTH AFRICA,KwaZulu-Natal,Richards Bay,-28.78301,32.03768,location
USA,South Carolina,Winyah Bay,33.26191,-79.2352,location
MONTENEGRO,Adriatic Sea,"Mogren Beach, Budva",42.277081,18.832499,location
USA,Florida,"Jupiter Island Beach, Martin County",27.051872,-80.109436,location
VANUATU,Malampa Province,"Atchin Island, off Malakula",-16.26997,167.50674,location
USA,Florida,"Palm Beach, Palm Beach County",26.7043265,-80.0364366,location
SOUTH AFRICA,Eastern Cape Province,King’s Beach,-33.97041,25.64651,location
USA,Louisiana,"Grand Isle, Jefferson Parish",29.2348794,-89.9899976,location
SPAIN,Canary Islands,"San Juan de la Rambla, Tenerife",28.355440036429,-16.624517256681,location
USA,California,Santa Barbara,34.420867,-119.698342,location
USA,Florida,"Hobe Sound, Palm Beach County",26.647569939974,-80.436519379042,location
USA,Florida,"St. Andrews State Park, Bay County",30.1298636,-85.7310898,location
USA,Florida,"Clearwater Beach, Pinellas County",28.00387,-82.73038,location
SOUTH AFRICA,Western Cape Province,Plettenberg Bay,-34.05274,23.3716,location
AUSTRALIA,Queensland,"Point Lookout, Stradbroke Island",-27.4887343,153.2345882,location
GRENADA,St. Andrew Parish,Grenville,12.12278,-61.62498,location
AUSTRALIA,South Australia,Cape Jervis,-35.606246398,138.110071357,location
BAHAMAS,Out Islands,Andros Island,24.43333,-77.95,location
TAIWAN,Unknown,Ye Leow,23.752816021,120.953463961,location
AUSTRALIA,Queensland,Oak Beach,-16.594099054,145.514709466,location
FIJI,Vanua Levu,"Nailou Village, Tunuloa Natewa Bay",-16.5972273,179.7378177,location
SOUTH AFRICA,KwaZulu-Natal,"Catfish Rock, between Salt Rock & Shaka’s Rock",-29.516974327162,31.228592576894,location
FEDERATED STATES OF MICRONESIA,Eastern Caroline Islands,"Koop Reef, Truk (Chuuk)",7.2099,147.94189,location
AUSTRALIA,New South Wales,Clarence Head,-29.43172,153.36571,location
SOUTH ATLANTIC OCEAN,Off coast of West Africa,Off the passenger liner Stirling Castle,2.75,10.25,location
PAPUA NEW GUINEA,"New Ireland Province, Bismarck Archipelago","Pekinberui Village, Tabar Island",-3.0,151.5,location
FIJI,Viti Levu,Near Suva,-18.1007,178.581,location
MOZAMBIQUE,Gaza,Praia Sepulveda,-25.11861,33.7275,location
AUSTRALIA,Queensland,"Lambert’s Beach, Mackay",-21.0744,149.2283,location
SOUTH AFRICA,Western Cape Province,Sea Point,-33.91858,18.38968,location
AUSTRALIA,New South Wales,"Bondi Beach, Sydney",-33.889387797,151.272464529,location
USA,Florida,Key Largo Sound,25.13318,-80.392,location
AUSTRALIA,New South Wales,5 miles south of Sussex Inlet at mouth of Berara Lake,-35.164701511856,150.589464259493,location
AUSTRALIA,Torres Strait,"Fishman's Island (near Port Moresby, PNG)",-9.561435995,142.288520258,location
ITALY,Ligurian Sea,"Genova, S. Nazaro, Punta Vagno",44.3926,8.9515,location
AUSTRALIA,South Australia,Port Augusta,-32.490185334,137.774621026,location
CUBA,Guantanamo Province,Boqueron,19.96667,-75.03333,location
USA,California,"Pacific Grove, Monterey Bay, Monterey County",36.594183356959,-121.898048759406,location
SOUTH AFRICA,Eastern Cape Province,Nelson’s Rock,-32.0,26.0,location
AUSTRALIA,Torres Strait,"Saibai Island, 80 miles north of Cape York",-10.71771,142.44431,location
USA,California,"Santa Monica, Los Angeles County",34.0109323,-118.4915123,location
AUSTRALIA,New South Wales,"Berry's Bay, Sydney Harbour",-33.8581368,151.2138998,location
AUSTRALIA,Torres Strait,40 miles off Thursday Island,-10.58257,142.21949,location
SOUTH AFRICA,Western Cape Province,Table Bay,-33.88389,18.45135,location
PORTUGAL,Unknown,Sines,37.924793809113,-8.777648417256,location
SOUTH AFRICA,KwaZulu-Natal,Umkomaas,-30.197292917467,30.789369356547,location
AUSTRALIA,Northern Territory,Liverpool River,-12.03333,134.21667,location
AUSTRALIA,New South Wales,Austinmer,-34.306542712,150.930946637,location
USA,South Carolina,North end of Morris Island at mouth of Charleston Harbor,32.71573,-79.89037,location
AUSTRALIA,Queensland,Off Stradbroke Island,-27.4997481,153.4044503,location
USA,New Jersey,"Offshore, between Mantoloking & Point Pleasant, Ocean County",40.07233,-74.07225,location
MEXICO,Baja California,Descano Point,32.20039,-116.89074,location
AUSTRALIA,Western Australia,Geraldton,-28.771694468,114.616002089,location
TURKEY,Unknown,Yeşilköy,40.977617,28.822074,location
AUSTRALIA,Torres Strait,Near Badu Island,-10.15,142.16667,location
AUSTRALIA,New South Wales,Mereweather Beach,-32.947968,151.756403,location
NICARAGUA,Salinas Bay,"A shark was caught, its head severed from body and hung from the anchor davit onboard the U.S.S. Borie",12.34773,-85.45557,location
USA,New Jersey,"Seaside, Ocean County",39.9385,-74.0701,location
AUSTRALIA,New South Wales,"Pelican Island, Macleay River",-30.95,153.01667,location
AUSTRALIA,Queensland,Near Cairns,-16.923112317,145.764893017,location
USA,New York,"Sheepshead Bay, Brooklyn",40.589144,-73.943623,location
AUSTRALIA,New South Wales,Manley Beach,-33.79315,151.28765,location
USA,Alabama,"Off Fort Gaines, Dauphin Island, Mobile County",30.24906,-88.07821,location
MEXICO,Guerrero,Zacatula,16.778926667,-99.090687778,location
CROATIA,Adriatic Sea,Medola,43.2182643,17.1080908,location
INDONESIA,Maluku Province,Aru Islands,-6.1921,134.55059,location
CYPRUS,Southern Cyprus,Larnaca,34.9177049,33.6366323,location
USA,South Carolina,"Elliott Cut, Charleston County",32.76879,-79.99037,location
USA,South Carolina,Charleston,32.77647,-79.931027,location
USA,Rhode Island,Noyes Beach,41.33093,-71.75507,location
AUSTRALIA,Queensland,Burnett River,-24.8625067,152.3436358,location
FIJI,Unknown,Between Kadavu & Beqa,-18.73426,178.50472,location
AUSTRALIA,New South Wales,"Chowder Bay, Sydney",-33.8394093,151.2525179,location
AUSTRALIA,Victoria,Off Melbourne,-37.815051434,144.960255426,location
CROATIA,Zadar County,"Lika-Senj, Pag Island",44.48583,14.97139,location
SPAIN,Unknown,A Spanish port,40.22794966,-3.646063105,location
AUSTRALIA,South Australia,Port Wakefield,-34.185214347,138.163927062,location
ALGERIA,Unknown,Cape Matifou,36.79068,3.24952,location
CUBA,Matanzas Province (north coast),Matanzas,23.04111,-81.5775,location
USA,New Jersey,"Sandy Hook Bay, Highlands, Monmouth County",40.44577,-73.99086,location
EGYPT,Unknown,Alexandria,31.1977318,29.8925444,location
NIGERIA,Rivers State,Bonny River,4.41613,7.09132,location
USA,New York,"Sag Harbor, Suffolk County",41.000329,-72.295304,location
BAHAMAS,Freeport,Shark Junction,26.53333,-78.7,location
AUSTRALIA,Western Australia,"Kurrajong Campground, Exnouth",-22.1637622,113.8696815,location
USA,Hawaii,Anaehoomalu Bay,19.91499,-155.88874,location
AUSTRALIA,New South ales,Killick Creek near Crescent Head,-31.19045265089,152.978718326325,location
AUSTRALIA,Western Australia,Oyster Stacks near Exmouth12h15,-25.474315693,122.184309326,location
USA,Florida,"Higkand Beach, Palm Beach County",26.451962170385,-80.096932593953,location
AUSTRALIA,Queensland,Redcliffe,-27.229675723,153.111170583,location
USA,Florida,"Walton Beach Psrk, St. Lucie County",27.33789,-80.23343,location
AUSTRALIA,Queensland,Waterford West,-27.688615831,153.125069074,location
USA,Florida,"Crescent Beach, St Johns County",29.768745,-81.253492,location
BAHAMAS,Exumas,Compass Cay,24.26693,-76.51693,location
USA,Massachusetts,"Newcomb Hollow Beach, Wellfleet, Barnstable County",41.96328,-69.9964,location
BAHAMAS,Unknown,Bimini,25.70444,-79.28889,location
AUSTRALIA,Victoria,Westernport Bay,-38.26431,145.28903,location
AUSTRALIA,Western Australia,Floreat Beach,-31.929,115.7549,location
AUSTRALIA,Western Australia,Kelpies near Wylie Bay,-25.474315693,122.184309326,location
USA,Hawaii,"Upolu Point, North Kohala, Big Island",20.13195,-155.79389,location
USA,South Carolina,"Isle of Palms County Park, Isle of Palms, Charleston County",32.7875771,-79.7870676,location
AUSTRALIA,New South Wales,Flat Rock,-35.3407,150.4776,location
AUSTRALIA,New South Wales,Moonee Beach,-30.208476167,153.1531743,location
USA,Florida,"Cherie Down Park, Brevard County",28.3921309,-80.597012,location
AUSTRALIA,New South Wales,Lighthouse Beach,-33.280744,151.574377,location
AUSTRALIA,Western Australia,"Off Poison Creek, Cape Arid",-33.924049153209,123.306407236581,location
USA,California,"Davenport Landing, Santa Cruz County",37.024394,-122.215803,location
USA,Florida,"Spanish House Beach, Brevard County",28.260537,-80.604742,location
USA,Hawaii,"Maha‘ulepu Beach, Kauai",21.88942,-159.41242,location
USA,Florida,"Juno Beach, Palm Beach County",26.883875,-80.059723,location
USA,California,"Leffingwell Landing, Cambria,  San Luis Obispo County",35.5838357,-121.1214314,location
AUSTRALIA,Western Australia,Stratham Beach,-33.466750662151,115.593223302818,location
USA,Puerto Rico,Hatillo Beach,18.489309,-66.794475,location
UNITED ARAB EMIRATES (UAE),Umm al Qaywayan Province,Khor Fakkan,25.5,55.75,location
NEW CALEDONIA,Loyalty Islands,"Bay of Bweedro, Ouvéa",-20.6617,166.55308,location
USA,California,"Near oil rig Hondo, 5 nm from Gaviota, Santa Barbara County",34.471806,-120.214984,location
UNITED KINGDOM,Devon,Mewstone Rock,50.324181183738,-4.070708778231,location
SOMALIA,Unknown,300 miles off the coast,4.404616061,46.203105,location
USA,California,San Diego County,33.02820215874,-116.770213466758,location
AUSTRALIA,New South Wales,Sandon,-29.676867242,153.328919526,location
NEW ZEALAND,North Island,Maraetai,-36.8834905,175.0419293,location
MEXICO,Guerro,Pantla Beach,17.738225613,-101.63528599,location
SOUTH AFRICA,KwaZulu-Natal,"Suncoast Pirates Beach, Durban",-29.81691,31.0385825,location
USA,Hawaii,"Bellows Beach near Wailea Point, O’ahu",20.6831,-156.4428,location
USA,Oregon,"Siletz River mouth, Lincoln County",44.90344,-124.0115,location
USA,South Carolina,"Kiawah Island, Charleston County",32.597707,-80.12948,location
SOUTH AFRICA,Western Cape Province,Soetwater,-32.82065,23.09017,location
AUSTRALIA,Queensland,50 km east of Townsville,-19.265077469,146.809176986,location
BRAZIL,Bahia,Ilhéus,-14.7916626,-39.0484139,location
USA,California,"Avila Beach, San Luis Obispo County",35.182134,-120.732715,location
BRAZIL,Pernambuco,Candeias,-8.1972336,-34.9186874,location
USA,Florida,"Daytona, Volusia County",29.21081,-81.02283,location
USA,South Carolina,"Near 70th Avenue, Myrtle Beach, Horry County",33.740480727638,-78.822023953495,location
AUSTRALIA,New South Wales,Wollongong,-34.428565424,150.893400671,location
AUSTRALIA,Queensland,"Main Beach, Gold Coast",-27.978254787,153.427124403,location
USA,Hawaii,Old Kona Airport State Park,19.6460509,-156.0123827,location
BRAZIL,Rio Grande de Norte,Atol das Rochas,-3.8592169,-33.8169798,location
SOUTH AFRICA,Eastern Cape Province,Bonza Beach,-32.0,26.0,location
REUNION,Saint-Leu,Pointe au Sel,-21.195365751211,55.286273412274,location
SOUTH AFRICA,Eastern Cape Province,"King's Beach, Port Elizabeth",-33.97968,25.64044,location
EGYPT,Red Sea,Safaga,26.678330568927,33.483452600733,location
AUSTRALIA,Queensland,"Brown's Inlet, Broadwater",-28.661062661,151.875155359,location
USA,North Carolina,"Wrightsville Beach, New Hanover County",34.213812,-77.805529,location
HONG KONG,New Territories,Sai Kung Beach,22.383939511,114.27383309,location
AUSTRALIA,New South Wales,"Honeysuckle Point, Eden",-32.93333,151.78333,location
USA,Hawaii,"Off the Hanalei River, Kaua'i",22.21472,-159.49771,location
SOUTH AFRICA,Eastern Cape Province,Beachview Holiday Resort,-34.00219,25.3307,location
USA,California,"Goat Rock, Bodega Bay, Sonoma County?",38.31745,-123.028646,location
BAHAMAS,Walkers Cay,"Matinella Reef, 15 to 20 miles west of Walkers Cay",27.25993,-78.40243,location
USA,California,"Linda Mar Beach, Pedro Point, San Mateo County",37.61383,-122.48692,location
USA,Maryland,Baltimore Aquarium,39.290443,-76.612333,location
USA,Texas,Surfside Beach,28.9520047,-95.2878755,location
USA,Florida,"St Augustine, St Johns County",29.896004,-81.316709,location
USA,Washington,"Pacific Beach, Grays Harbor County",47.2096666,-124.198117,location
USA,Florida,"Ponce Inlet, New Smyrna Beach, Volusia County",29.046454878549,-80.936944644097,location
USA,Texas,"Mustang Island, near Port Aransas",27.74133230473,-97.128766436365,location
USA,Florida,"Pinellas Point, Tampa Bay",27.917922348261,-82.365541757574,location
AUSTRALIA,New South Wales,"North Head, Sydney Harbour",-33.8224,151.2994,location
SOUTH AFRICA,KwaZulu-Natal,T.O. Strand,-31.0285935,30.2401161,location
SOUTH AFRICA,KwaZulu-Natal,Sodwana,-27.550019,32.668198,location
SOUTH AFRICA,Eastern Cape Province,Swartkops River mouth,-33.86315,25.62956,location
BAHAMAS,Abaco Islands,"Off Sandy Point, Great Abaco Island",26.46504,-77.13432,location
AUSTRALIA,Queensland,Green Island,-27.425431456,153.234629855,location
USA,Florida,"Sands Cut, Elliot Key",28.155143630474,-80.666575994353,location
AUSTRALIA,Western Australia,Lancelin,-31.047664212,115.355959561,location
USA,Florida,Gulf of Mexico,26.51868,-82.190702,location
AUSTRALIA,Western Australia,Swan River,-32.05,115.75,location
AUSTRALIA,Victoria,Port MacDonnel,-38.0525,140.70019,location
PAPUA NEW GUINEA,New Ireland Province,"Lamassa Island, 16 miles from Lambom Island",-4.69393,152.76545,location
PAPUA NEW GUINEA,Near Bougainville (North Solomons),Huhunoti Island,-6.25182,155.36247,location
USA,Florida,"Hobe Sound, Martin County",27.0676296,-80.1358242,location
USA,California,"Dana Point, San Clemente, Orange County",33.441741,-117.584186,location
MEXICO,Guerrero,Acapulco,16.84942,-99.90891,location
PAPUA NEW GUINEA,Madang Province,Inshore side of reef near Madang,-5.22152,145.78695,location
SOUTH AFRICA,Western Cape Province,20 m from shore at Strand,-34.10687,18.82751,location
USA,California,Southeast Farallon Island,37.69851,-123.0028,location
FIJI,"Lomaloma, Lau",Tuvuca Isalnd,-17.674228,-178.8193364,location
NEW ZEALAND,North Island,"Slipper Island, Coromandel Peninsula",-37.1841874,175.5683242,location
ITALY,Adriatic Sea,Riccione,43.984527342401,12.677947315418,location
AUSTRALIA,New South Wales,10 miles off Nambucca Heads  onboard trawler,-30.641587678,153.003878717,location
USA,California,"10 miles off Santa Barbara, Santa Barbara County",34.610731587431,-120.193170482005,location
AUSTRALIA,Tasmania,Ralph Bay,-42.98295,147.4351,location
USA,California,"Mission Beach, San Diego County",32.7824592,-117.2532295,location
MEXICO,Guyamas,San Pedro Nolasco Island,23.59008,-100.3866,location
SOUTH AFRICA,KwaZulu-Natal,Port Shepstone,-30.74137,30.45499,location
AUSTRALIA,Queensland,Alexandra Headland near Mooloolaba,-26.669625193,153.105822947,location
BAHAMAS,Abaco Islands,North of Walkers Cay,25.10222,-78.00325,location
USA,Florida,Key Biscayne,25.692497,-80.169556,location
SOUTH AFRICA,KwaZulu-Natal,King Reef off Park Rynie,-30.3196432,30.7369268,location
AUSTRALIA,Western Australia,Cape Levêque,-16.38928,122.92554,location
FIJI,Kadavu,Great Astrolabe Reef,-18.80233,178.58616,location
AUSTRALIA,New South Wales,"Sugarloaf Bay, Middle Harbor, Sydney",-33.790870603,151.226941183,location
ITALY,Venice Province,Off Chioggia,45.21857,12.27774,location
AUSTRALIA,New South Wales,Cave at Shell Harbour,-34.570893436,150.740913808,location
AUSTRALIA,Tasmania,Flinders Island,-40.01667,148.03333,location
PAPUA NEW GUINEA,New Ireland Province,"Enang , Kavieng",-2.57337,150.79516,location
AUSTRALIA,New South Wales,"Maria River, Port Macquarie, 12 miles from river mouth",-31.389231001441,152.868391631929,location
PANAMA,Colon Province,"Mouth of Rio Dudio, 50 miles west of the city of Colon",9.35904,-79.90425,location
SOUTH AFRICA,Western Cape Province,False Bay,-34.17286,18.66443,location
SOLOMON ISLANDS,Unknown,Off Savo Island,-9.13087,159.81249,location
AUSTRALIA,New South Wales,"Egg Rock, Middle Harbor, Sydney",-33.790870603,151.226941183,location
IRAQ,Basrah City,"Ashar Canal, where people wash clothes & kitchen pans",30.50852,47.7804,location
AUSTRALIA,Northern Territory,Between Cape Hotham & Darwin (50 miles from Darwin),-12.428235569158,130.914390245398,location
AUSTRALIA,New South Wales,North Bondi,-33.88537388,151.279638704,location
ITALY,Sicily,Catania,37.5024825,15.0878345,location
AUSTRALIA,New South Wales,"Redhead Beach, Newcastle",-33.02048,151.70915,location
SOUTH AFRICA,Eastern Cape Province,"North End Beach, Port Elizabeth",-33.9495331,25.6046058,location
SOUTH AFRICA,Eastern Cape Province,"Salt Vlei, Port Alfred",-33.58601,26.88329,location
FIJI,Unknown,a river,-18.216590922178,178.069897935009,location
AUSTRALIA,Western Australia,"Princess Royal Harbor, near King George’s Sound",-35.05306,117.88889,location
USA,Puerto Rico,"Condado Beach, San Juan",18.4570921,-66.0710174,location
AUSTRALIA,New South Wales,"Urunga, Belliger Heads",-30.516415048,153.012312626,location
CUBA,Caribbean Sea,20 miles from Havana,23.1281371,-82.3897195,location
USA,Hawaii,"Nanakuli, Oah’u",21.39666,-158.163335,location
AUSTRALIA,Queensland,Wynnum-Manley,-27.442520803,153.170370505,location
USA,South Carolina,Sullivan's Island,32.762889,-79.83623,location
USA,Texas,Galveston Ship Channel,29.35218,-94.79186,location
AUSTRALIA,Western Australia,Fremantle,-32.069123709,115.746404807,location
USA,California,"Redondo, Los Angeles County",34.173072439273,-118.257138527769,location
CHINA,Hong Kong,"Sharp Peak, Sai Kung Peninsula, New Territories",22.4721614,114.2111189,location
PHILIPPINES,Luzon Island,"Inner Harbor, Olongapo",14.82917,120.28278,location
SOUTH AFRICA,Western Cape Province,Windmill Beach,-34.20114,18.4571,location
USA,Hawaii,"Makapu'u Point, O'ahu",21.3108,-157.64918,location
LIBYA,Mediterranean Sea,Off Bengasi,32.11486,20.06859,location
SOUTH AFRICA,Eastern Cape Province,Mzimvubu River,-31.62828,29.54935,location
NIGERIA,Bayelsa State,Mouth of the Nun River,4.39013,6.07028,location
NEW ZEALAND,North Island,"Manukau Harbor, 6 miles south of Auckland",-36.982440531192,174.856469922268,location
USA,South Carolina,"Bull’s Bay, near Charleston",32.97517,-79.55812,location
USA,Florida,"In the bay near the naval yard at Pensacola, Escambia County",30.333415529372,-87.431609740223,location
INDIA,West Bengal,(Calcutta?),22.56263,88.36304,location
INDIA,West Bengal,"Panihati, 4 miles south of Barrackpore on the Hoogly River",23.800849413656,87.988641027145,location
AUSTRALIA,Queensland,Mary River,-25.54038,152.70686,location
USA,New York,Coney Island,40.576862,-73.98265,location
AUSTRALIA,South Australia,Cape Elizabeth,-34.13653,137.46231,location
AUSTRALIA,New South Wales,"Clark's Island, Sydney Harbor",-33.86297,151.24114,location
AUSTRALIA,New South Wales,Coalcliff,-34.24420219,150.976534661,location
SOUTH AFRICA,Western Cape Province,Danger Point,-34.63241,19.29757,location
GREECE,Corfu,Off the harbor wall at Mandrakina,39.6218413,19.9179603,location
ENGLAND,Cumberland,Whitehaven,54.550729394,-3.587462824,location
USA,Unknown,Damiscotte,33.883118,-117.520721,location
USA,New York,"Beach 3, Robert Moses State Park, Suffolk County",40.6239,-73.2787,location
MEXICO,Quintana Roo,Cancún,21.164100412,-86.871082763,location
South Africa,KNZ,Protea Banks,-30.83333,30.48333,location
USA,Florida,"Bathtub Beach, Martin County",27.186389,-80.160408,location
AUSTRALIA,South Australia,Port MacDonnell,-38.042066282,140.698464866,location
SPAIN,Canary Islands,"Famara Beach, Lanzarote",28.0404155,-15.5798575,location
MEXICO,Quinta Roo,Cabo Catoche,21.604635556,-87.103272222,location
USA,Florida,"Jacksonville Beach, Duval County",30.2881812,-81.3920144,location
MEXICO,Sonora,Southeast of Puerto Peñasco,31.323423445,-113.524095619,location
AUSTRALIA,Northern Territory,Groote Eylandt,-13.96472,136.59336,location
USA,Hawaii,"Pounders Beach, Oahu",21.6337755,-157.919322,location
THAILAND,Hua Hin,Sai Noi Beach,12.45338062,99.981684627,location
USA,Texas,Galveston Bay,29.56967,-94.93659,location
MAURITIUS,Pamplemousses,Le Goulet,-20.1033863,57.5179654,location
AUSTRALIA,South Australia,Normanville,-35.469398689,138.297427252,location
USA,Massachusetts,"Marconi Beach, Wellfleet, Barnstable County",41.8910875,-69.96351,location
AUSTRALIA,Queensland,"20 k off The Spit, off the Gold Coast",-28.003035820091,153.340926707415,location
AUSTRALIA,New South Wales,Bombo Beach,-34.659007,150.854459,location
USA,South Carolina,"Shipyard Beach Club, Hilton Head Island, Beaufort County",32.154981068326,-80.738012717321,location
USA,South Carolina,"Murrells Inlet, Georgetown County",33.551824,-79.048357,location
SOUTH AFRICA,Western Cape Province,Buffels Bay near Knysna,-33.56667,18.35,location
USA,Florida,"3 miles off Jupiter, Palm Beach County",26.9341448,-80.0997362,location
USA,Florida,Off Panama City,30.1852107,-85.7308328,location
USA,Maryland,Assateague National Seashore,38.2060778,-75.1546498,location
AUSTRALIA,New South Wales,"Kylie's Beach, Diamond Head",-31.718949063,152.794486937,location
CANADA,British Colombia,"Tofino, Vancouver",49.261636,-123.11335,location
REUNION,Saint-Benoit,Port de la Marine,-21.009910286764,55.699326724972,location
USA,Oregon,Seaside Cove,45.9757796,-123.9393377,location
USA,Florida,"Perdido Key, Escambia County",30.3002,-87.42748,location
SOUTH AFRICA,KwaZulu-Natal,Levan Point,-27.92519,32.59456,location
FIJI,Vitu Levu,"Malake Island, Ra Province",-17.32225,178.14352,location
USA,Texas,"Eight Mile Beach, Galveston",29.234949,-94.882856,location
FIJI,Off Vanua Levu,Nara Reef,-19.1543,178.08988,location
GUAM,Merizo,Achang Reef,13.2701023,144.670933,location
PANAMA,Bocas,Playa La Cabaña,9.35136,-82.25578,location
USA,Florida,"Biscayne National Park, Miami",25.464121,-80.336073,location
ECUADOR,Galapagos Islands,Santa Cruz,-0.61912,-90.3382,location
NEW CALEDONIA,North Province,Hienghène,-20.68333,164.93333,location
USA,Hawaii,"Silva's Channel, Mokuleia, O'ahu",21.439542579,-157.94363193,location
AUSTRALIA,New South Wales,Shelly Beach,-33.371275482,151.483470313,location
USA,New York,"Smith Point, Long Island",40.74482,-73.94875,location
USA,Florida,"Sebastian Inlet, Brevard County",27.8610552,-80.4499408,location
SOUTH AFRICA,Eastern Cape Province,Coffee Bay,-31.98255,29.15564,location
AUSTRALIA,Queensland,St. Crispin Reef,-16.1,145.83333,location
VANUATU,Malampa Province,Atchin Island off Malakula,-16.26997,167.50674,location
USA,Hawaii,"North Kihei, Maui",20.79302043768,-156.480564090498,location
NEW ZEALAND,North Island,"Waiapu River mouth , East Cape",-37.80823,178.38021,location
USA,Florida,"Cocoa  Beach, Brevard County",28.320224,-80.608867,location
USA,Hawaii,Velzyland,21.67569,-158.0397,location
AUSTRALIA,New South Wales,"Taree, Old Bar Beach",-31.9915671,152.5737142,location
AUSTRALIA,South Australia,"Goolwa Beach, Fleurieu Peninsula",-35.39065,138.68357,location
USA,North Carolina,"Topsail Beach, Pender County",34.352261,-77.647127,location
USA,Florida,"Atlantic Avenue, Palm Beach County",26.4617718,-80.0659042,location
MEXICO,Guerrero,Ixtapa,17.66782,-101.64165,location
BAHAMAS,Grand Bahama Island,"High Rock, 25 to 30 miles east of Freeport",26.5210127,-78.7701719,location
NEW ZEALAND,North Island,"Papamoa Beach, Bay of Plenty",-37.7154616,176.3093103,location
USA,Hawaii,"Big Island off Kona Village Resort, North Kona",19.41667,-155.83333,location
USA,Virginia,Virginia Beach,36.8451268,-75.9754369,location
SOUTH AFRICA,Western Cape Province,Keurbooms,-33.92233,23.42951,location
MEXICO,Quintana Roo,"Santa Rosa, Cozumel",21.074171945,-87.028452777,location
USA,California,"Salmon Creek Beach, Sonoma County",38.339369,-123.068137,location
USA,Florida,"Alligator Reef, off Islamorada, Monroe County",24.85131,-80.61771,location
USA,North Carolina,Cape Lookout Bight,34.60544,-76.53631,location
USA,Hawaii,"Paradise Bay (next to Wailua Bay), Maui",20.86774,-156.61706,location
JAPAN,Ehime Prefecture,Matsuyama,33.83917304,132.76560169,location
USA,Florida,Florida Bay,25.00041,-80.74979,location
SOUTH AFRICA,Western Cape Province,"Smitswinkel, False Bay",-34.26598,18.47257,location
USA,Hawaii,"Kailua-Kona, Hawai'i",19.647367,-155.99301,location
USA,Florida,"Ormond Beach / Daytona Beach, Volusia County",29.224207,-81.035162,location
SOUTH AFRICA,Eastern Cape Province,"The Fence, King's Beach, Port Elizabeth",-33.97968,25.64044,location
USA,Hawaii,"Kane'ohe Bay, O'ahu",21.46278,-157.81028,location
USA,Florida,"Cocoa Beach, Brevard County",28.320224,-80.608867,location
SOUTH KOREA,Chungnam,Wae-yeon Island,36.92389,126.16222,location
USA,Delaware,Dewey Beach,38.699936,-75.075955,location
SOUTH AFRICA,Western Cape Province,13 km off Knysna,-34.03627,23.04713,location
AUSTRALIA,Queensland,Southport,-27.970642311,153.408123774,location
AUSTRALIA,Queensland,Southport Bar,-27.970642311,153.408123774,location
SOUTH AFRICA,Western Cape Province,"2 km from Macassar, False Bay",-34.06405,18.76334,location
USA,Florida,"Off Hutchinson Island, St Lucie County",27.286106,-80.223526,location
NEW ZEALAND,North Island,Wanganui,-38.7208074,177.0403102,location
NEW ZEALAND,South Island,Dunedin,-45.8669,170.51064,location
USA,Florida,"Palm Beach Shores, Riviera Beach, Singer Island, Palm Beach County",26.783174273378,-80.035156830593,location
USA,Florida,"In front of Key Biscayne Beach Club, Key Biscayne",25.689441,-80.157269,location
AUSTRALIA,Western Australia,"Avalon Beach, near Mandurah, 50 miles south of Perth",-32.532231813,115.725224554,location
SOUTH AFRICA,KwaZulu-Natal,Umvoti,-29.025052629481,30.6743089026,location
ITALY,Tyrrhenian Sea,"Circeo, Secca del Quadro",42.7812247,12.3151291,location
PAPUA NEW GUINEA,Madang,Matukar village,-4.88642,145.78548,location
AUSTRALIA,New South Wales,South coast,-36.0,149.83333,location
AUSTRALIA,Queensland,"Black’s Beach, 9 miles north of Mackay",-21.056176012,149.186715266,location
AUSTRALIA,Queensland,Surfer's Paradise,-28.000607373,153.428208542,location
SAMOA,South Pacific Ocean,North of Northeast Samoa,40.818074884528,-124.187656179488,location
SOLOMON ISLANDS,Bougainville (North Solomons),Kieta,-9.622803768,160.160289649,location
PAPUA NEW GUINEA,Central Province,Kapakapa,-9.80189,147.51647,location
AUSTRALIA,Queensland,Pioneer River near Mackay,-21.112732187502,149.150427767811,location
USA,Florida,½ mile offshore & 9 miles north of Fort Pierce,27.4685536,-80.3492951,location
USA,California,"Pacific Grove, Monterey County",36.6188383,-121.9188195,location
USA,California,"La Jolla, San Diego County",32.8419914,-117.2730168,location
HONG KONG,Unknown,Junk Bay,22.28914,114.25781,location
CROATIA,Unknown,Pula,44.869671634,13.854220663,location
AUSTRALIA,Western Australia,"Cottesloe, Perth",-31.99384149,115.758267744,location
BAHAMAS,Bimini Islands,Lerner Marine Laboratory,25.70444,-79.28889,location
BAHAMAS,New Providence Island,Cable Beach,25.0780542,-77.4111996,location
TANZANIA,Dar-es-Salaam,Dar-es-Salaam harbor,-6.82409,39.28917,location
IRAN,Shatt-al-Arab River,Bashamir,29.94036,48.59596,location
USA,New York,Montauk,41.031316,-71.950983,location
SOUTH AFRICA,KwaZulu-Natal,"Inyoni Rocks, South Coast",-30.047982584105,30.890064104961,location
AUSTRALIA,New South Wales,Kempsey,-31.078277847,152.836785309,location
CANADA,Newfoundland,Georges Bank,47.628889990798,-52.839240009356,location
USA,Florida,"Boca Ciega Bay, Pinellas County",27.80586,-82.78594,location
PANAMA,Unknown,off Culebra,8.96098,-82.42466,location
BERMUDA,Hamilton,Hamilton Parish,32.34222,-64.72833,location
AUSTRALIA,Queensland,"Elephant Rock, Currumbin near Southport",-27.970642311,153.408123774,location
SOUTH AFRICA,Eastern Cape Province,"Kowie River Mouth, Port Alfred",-33.58601,26.88329,location
TURKEY,Unknown,San Stefano,40.96361,28.82667,location
PHILIPPINES,Luzon Island,Bondoc Peninsula,13.4367,122.5569,location
AUSTRALIA,Queensland,Near Thursday Island,-10.580402452,142.21668559,location
PAPUA NEW GUINEA,Central Province,Roku Point,-9.45888,147.09002,location
USA,North Carolina,"Atlantic, near New Bern, Craven County",35.1083707,-77.0460315,location
BAHAMAS,Unknown,50 miles off Bahamas,25.04082,-77.37122,location
USA,Florida,"West Palm Beach, Palm Beach County",26.7144394,-80.0549471,location
REUNION,5aint-Denis,Barachois,-20.896116,55.475575,location
NEW CALEDONIA,South Province,Noumea,-22.27407,166.44884,location
USA,Hawaii,"Hilo, Hawai'i",19.7252577,-155.0890857,location
PHILIPPINES,Luzon Island,"Polinao Point, Manila",14.5822592,120.9748038,location
USA,New Jersey,Lower Delaware Bay,40.8929401,-75.0661664,location
AUSTRALIA,Queensland,Karra Garra,-27.559593831105,153.280173687265,location
USA,North Carolina,"Cape Lookout, Carteret County",34.62267,-76.524635,location
NEW ZEALAND,North Island,Waitara,-39.0053973,174.2352214,location
AUSTRALIA,New South Wales,"Lane Cove River, Sydney Harbor (Estuary)",-33.793735403472,151.264100145206,location
ITALY,Liguria,"Galliera dock, Genoa",44.410710315739,8.953827072707,location
CROATIA,Primorje-Gorski Kotar County,"Volosko, Opatija",45.3476314,14.3201585,location
AUSTRALIA,Queensland,Tingalpa Creek,-27.48333,153.2,location
USA,South Carolina,Ramshorn Creek,32.12271,-80.89705,location
NEW ZEALAND,South Island?,Downs River,-44.0828636,171.2246719,location
SOUTH AFRICA,Eastern Cape Province,Mzimvubu River mouth,-31.62828,29.54935,location
AUSTRALIA,New South Wales,"Ryde, Sydney (Estuary)",-33.777208166936,151.068888005344,location
NEW ZEALAND,South Island,Near the mouth of the Clarence River,-42.155574,173.9239944,location
USA,Texas,Brazos,32.662168,-98.121577,location
NEW ZEALAND,North Island,"Tararu, Thames",-37.117497119634,175.525675845621,location
AUSTRALIA,New South Wales,"Lane Cove River, Sydney Harbor",-33.676243219492,151.271800707051,location
SOUTH AFRICA,Western Cape Province,Olifantbos Point,-34.27274,18.37992,location
AUSTRALIA,Victoria,Albert Park in Port Phillip Bay,-37.84069,144.95903,location
AUSTRALIA,Western Australia,Between De Grey River and Port Walcott,-20.58333,117.18333,location
CANADA,Newfoundland,St. Pierre Bank,52.848032413,-60.404553074,location
INDIA,"22ºN, 88ºE","Hatkolah, Ghat,",31.58255,77.292296,location
USA,New York,"Greenport Sound, Long Island",40.735916070149,-73.933810652281,location
ENGLAND,Isle of Wight,Colwell Bay,50.6892115,-1.537861,location
SOUTH AFRICA,KwaZulu-Natal,Durban Bay,-29.87366,31.02323,location
MEXICO,Veracruz,Vera Cruz,19.2013,-96.1698,location
USA,Massachusetts,"Swampscott, Essex County",42.4712774,-70.9207646,location
JAMAICA,Unknown,Kingston,17.9733754,-76.7586656,location
USA,Hawaii,"Kewalos, Oahu",21.590096552314,-158.10323947985,location
USA,California,"Lovers Point, Pacific Grove, Monterey County",36.6245,-121.91756,location
USA,New York,"Ocean Beach, Long Island",40.74482,-73.94875,location
AUSTRALIA,Western Australia,Whalers Beach,-35.0905,117.9422,location
AUSTRALIA,Western Australia,Varanus Island,-20.64972,115.5758,location
THAILAND,Chanthaburi Province,Kung Krabaenbay Royal Département Study Center,15.116802787,101.012239206,location
NEW CALEDONIA,Unknown,Nouville,-22.26024,166.40225,location
USA,California,"Coronado, San Diego County",32.693926,-117.190481,location
AUSTRALIA,Queensland,Yandaran Beach,-24.727376631569,152.105256928519,location
BRAZIL,Fernando de Noronha,Cacimba do Padre,-3.8499,-32.4388,location
BAHAMAS,Abaco Islands,Carter's Cay,27.06757,-78.03104,location
EGYPT,Unknown,Marsa Alam,25.068251,34.8898818,location
AUSTRALIA,New South Wales,"Sharpes Beach, Ballina",-28.837749,153.604367,location
AUSTRALIA,Western Australia,"Avalon Point, Manurah",-33.267302303106,115.73530977808,location
USA,Florida,"Hanna Park, Jacksonville, Duval County",30.343416819393,-81.83549194372,location
USA,California,"Between Pescadero Point & Bean Hollow Beach, San Mateo County",37.250009489828,-122.396111722289,location
USA,Hawaii,"Hooipa Beach Park, Maui",20.93667,-156.36056,location
AUSTRALIA,Victoria,Thirteenth Beach,-38.287921,144.4853177,location
USA,Florida,"Off Singer Island, Palm Beach County",26.785748,-80.037079,location
Fiji,Vanua Levu,Dawara,-19.1543,178.08988,location
USA,Florida,"Deerfield Beach, Broward County",26.3205843,-80.0997809,location
USA,Hawaii,"Waikiki,",21.284823,-157.832452,location
USA,Florida,"Vilano Beach, St.  Johns County",29.9354428,-81.3019633,location
USA,California,Cortes Bank,37.9976013563,-122.242399196998,location
PUERTO RICO,Unknown,Off Cabo Rojo,18.023145822149,-67.185767947551,location
AUSTRALIA,New South Wales,McKenzies Beach,-35.8044,150.2264,location
AUSTRALIA,New South Wales,Off Blacksmith Beach,-33.05159,151.66805,location
USA,North Carolina,"Masonboro Island, New Hanover County",34.12545,-77.85804,location
NEW ZEALAND,North Island,Muriwai,-39.6744011,176.8875369,location
TRINIDAD & TOBAGO,Trinidad,"Off Radix Village, Mayoro County",21.8010839,-79.981301,location
TURKS & CAICOS,Caicos Bank,French Cay,21.50705,-72.20133,location
NEW ZEALAND,South Island,Cosy Nook,-43.4453485,172.6324485,location
AUSTRALIA,New South Wales,Coffee Head,-31.941423558293,152.409998920517,location
USA,Florida,"Lori Wilson Park, Cocoa Beach, Brevard County",28.3418745,-80.6069311,location
AUSTRALIA,New South Wales,Fingal Bay,-32.75506952,152.164545759,location
USA,California,"West Cove, Catalina Island",33.38336,-118.41758,location
USA,South Carolina,Cherry Grove,34.323096,-79.937274,location
USA,Florida,"South of Ponce de Leon Jetty, New Smyrna Beach, Volusia County",29.06998,-80.93922,location
USA,California,"Venice Pier, Venice, Los Angeles County",33.993671077622,-118.453305555551,location
SOUTH AFRICA,Western Cape Province,"Sunrise Beach, Muizenberg",-34.101424,18.48938,location
USA,Oregon,Oswald State Park,45.5256129,-122.680116,location
BAHAMAS,Grand Bahama Island,Sandy Cay,27.22917,-78.33056,location
AUSTRALIA,Victoria,Flinders,-38.454765047,144.987693038,location
USA,Florida,"Quarter mile south of Ponce de Leon Inlet, Volusia County",29.200234346434,-81.046621102069,location
USA,New Jersey,"Surf City, Long Beach Island, Ocean County",39.6599576,-74.1670033,location
HONDURAS,Bay Islands,Utila,16.10026,-86.9307,location
AUSTRALIA,New South Wales,Stockton Beach,-32.8030595,151.9488772,location
AUSTRALIA,Western Australia,"Lefthanders Beach, Margaret River",-33.876386424983,114.98508111456,location
EGYPT,Unknown,"Coral Bay, Sharm-el-Sheikh",27.9158248,34.3262398,location
USA,California,"Stinson Beach, Marin County",37.8984925,-122.6398145,location
FIJI,Taveuni,Garden Island Resort,-16.791628,-179.99736,location
USA,Florida,"Fort Pierce Inlet State Park, St Lucie County",27.4842788,-80.3052946,location
NEW ZEALAND,South Island,Oreti Beach (reported as the 4th person bitten in NZ in 2000),-42.287233564,172.3434325,location
BRAZIL,Rio de Janeiro,"Rio de Janeiro, Guanabara Bay",-22.9055839688,-43.175089837982,location
USA,Florida,"Pet Den, Satellite Beach, Brevard County",28.176014,-80.590465,location
USA,North Carolina,"Fort Fisher, New Hanover County",34.059674981544,-77.901422529435,location
SOUTH AFRICA,Western Cape Province,Buffels Bay (near Knysna),-33.56667,18.35,location
NEW CALEDONIA,South Province,L'llot Maetre,-21.75,165.83333,location
USA,California,"Bird Rock, Tomales Point",38.2327,-122.9875,location
AUSTRALIA,New South Wales,"Ned's Beach, Lord Howe Island",-31.5189861,159.0653647,location
USA,Hawaii,Southwest of O'ahu,21.43333,-157.96667,location
USA,Hawaii,Makaha Surf Beach,21.457992,-158.203078,location
NEW CALEDONIA,South Province,Cap Goulvain,-21.75,165.83333,location
AUSTRALIA,Queensland,Mooloolaba,-26.680701789,153.117173326,location
USA,Florida,St. Lucie County,27.380867652724,-80.445608002629,location
AUSTRALIA,South Australia,Goolwa Beach,-35.513497813,138.768336904,location
USA,Florida,"Monster Hole, Sebastian Inlet, Indian River County",27.8603,-80.44727,location
AUSTRALIA,Northern Territory,Gove Peninsula near Darwin,-12.456467553254,130.834368947351,location
USA,Florida,"Gulf of Mexico, 22 miles from Pensacola",30.4068966,-87.2175711,location
PAPUA NEW GUINEA,New Ireland,Kavieng,-2.5845833,150.7918396,location
USA,Florida,"Boca Raton, Palm Beach County",26.350568,-80.0899135,location
AUSTRALIA,South Australia,Moama Beach,-35.1958797,138.469969,location
USA,Louisiana,New Orleans,29.9517634,-90.0746168,location
USA,California,"North of Morro Rock, San Luis Obispo County",35.3694,-120.8678,location
AUSTRALIA,Queensland,1 km off Black's Beach,-21.056176012,149.186715266,location
AUSTRALIA,Tasmania,South Cape Bay,-43.63,146.78999,location
TUNISIA,Biserta,Bechateur,37.3055127,9.7407923,location
BAHAMAS,Grand Bahama Island,"Gingerbread Reef, east of Little Isaac Island",26.5333204,-78.6471192,location
USA,Hawaii,"Ewa, O'ahu",21.33915,-158.01241,location
SOUTH AFRICA,KwaZulu-Natal,Glenashley,-29.7608364,31.0542107,location
USA,Hawaii,2 miles off Keahole Airport,19.73318441891,-156.035189245736,location
ISRAEL,Red Sea,"North Beach, Eilat",29.514373,34.925871,location
AUSTRALIA,Queensland,Palm Cove Beach,-16.7442,145.67071,location
BRITISH ISLES,South Devon,Beesands,50.253095593,-3.658071807,location
USA,Florida,Pinellas County,27.905427886454,-82.740797637927,location
USA,Florida,Sarasota County,27.18247480869,-82.364983695807,location
AUSTRALIA,New South Wales,"Kingscliffe Beach, south of Tweed Heads",-28.273343,153.581156,location
USA,Hawaii,"Makaha, O'ahu",21.468004,-158.214988,location
SOUTH AFRICA,KwaZulu-Natal,Ramsgate,-30.8797005,30.3531873,location
AUSTRALIA,Unknown,7 miles offshore on east coast of Australia,-33.977965,151.138226,location
PAPUA NEW GUINEA,Bougainville (North Solomons),Buka Island,-6.25182,155.36247,location
USA,Florida,"2 miles off Jupiter, Palm Beach County",26.9341448,-80.0997362,location
PANAMA,San Blas,Off Achutuppu Island near Ailigandi,9.22907,-78.02842,location
SOUTH AFRICA,KwaZulu-Natal,Port Edward,-31.060420200767,30.206186558795,location
NEW ZEALAND,North Island,"Palliser Bay, Whatarangi (east of Wellington)",-41.29445870317,174.793643225145,location
NEW ZEALAND,South Island,"St. Clair Beach, Dunedin",-45.9121209,170.4895968,location
NEW ZEALAND,South Island,"Ngatuka Bay, near Picton",-41.2922649,174.0070223,location
COSTA RICA,Puntarenas Province,Puntarenas,9.97625,-84.83836,location
PHILIPPINES,Luzon Island,100 miles southeast of Manila,14.5822592,120.9748038,location
USA,Hawaii,"Hapuna Beach, Hawai'i",19.9923,-155.8257,location
AUSTRALIA,New South Wales,"Sugarloaf Bay, Middle Harbour, Sydney",-33.790870603,151.226941183,location
MEXICO,Veracruz,"Villa del Mar Beach, Veracruz",19.192075,-96.1240897,location
NEW ZEALAND,Southland,Long Beach,-46.63333,169.26667,location
SOLOMON ISLANDS,Guadalcanal Province,"North Coast, Guadalcanal Island",-9.57062,160.13947,location
PAPUA NEW GUINEA,"10ºS, 142ºE",Jukuataia Village,-9.16667,149.28333,location
AUSTRALIA,Victoria,Mount Martha Beach,-38.2638,145.0158,location
USA,Hawaii,"Maile Point, O'ahu",21.301381623318,-157.816383970707,location
USA,Florida,"Hutchinson Island Beach, Martin County",27.2106,-80.1822,location
PAPUA NEW GUINEA,Central Province,Abau Subdistrict,-10.08333,148.91667,location
AUSTRALIA,Victoria,"Canadian Bay near Mount Eliza, 30 miles from Melbourne",-37.768770255041,145.034845641365,location
USA,California,"In kelp beds off La Jolla, San Diego County",32.8419914,-117.2730168,location
USA,California,"Baker Beach, San Francisco County",37.8263351,-122.4237301,location
SOUTH AFRICA,Western Cape Province,Melkbaai,-34.10975,18.8181,location
MOZAMBIQUE,Maputo Province,Off Inhaca Island,-26.00758,32.93281,location
TURKEY,Ahirkapi coast,Constantinople,41.01384,28.94966,location
USA,Florida,"Baker's Haulover, Miami Beach",25.9169,-80.1239,location
KENYA,Coast Province,Port Kilindeni / Mombasa Harbor,-4.047969205273,39.646288875216,location
SENEGAL,"Near Dakar, Cap Vert Peninsula",Isle de Gorée,14.66757,-17.39867,location
UNITED KINGDOM,Cornwall,The Lizard,50.025941076,-5.176115964,location
MALTA,Congreve Channel,between Filfla Island and Wied iz-Zurrieq,35.8306369,14.474652,location
MALTA,St. Thomas Bay,Marsascala,35.8571,14.5707,location
PAPUA NEW GUINEA,East Sepik,Wewak,-3.5651944,143.6199951,location
SOUTH AFRICA,Eastern Cape Province,"Second Beach, Port St. Johns",-31.6493491,29.5159128,location
CANADA,Nova Scotia,"Fourchu, Cape Breton Island",45.6477325,-61.4102048,location
AUSTRALIA,South Australia,"Schnapper Rock, Kirton Point",-34.74583,135.88333,location
ITALY,Savona,Albenga,44.048233,8.214863,location
AUSTRALIA,Western Australia,Broome,-17.962813583,122.229246176,location
AUSTRALIA,Queensland,"Auckland Creek, Gladstone",-23.843273486831,151.258419520639,location
AUSTRALIA,Queensland,"Ellis Beach, 20 miles from Cairns",-16.727230085,145.647969994,location
AUSTRALIA,New South Wales,Fairy Bower,-30.88191,148.2436,location
PANAMA,Panama City,Bella Vista Beach,8.97698,-79.5289,location
EGYPT,Unknown,Mersa Matruh,31.3529,27.23725,location
AUSTRALIA,Queensland,"Kirra Beach, Coolangatta",-28.166664,153.527023,location
SCOTLAND,Argyllshire,Arran,56.25,-5.25,location
AUSTRALIA,New South Wales,"Wallamba River, near entrance to Wallis Lake",-32.211538442,152.486233606,location
AUSTRALIA,New South Wales,"Throsby Creek, Newcastle",-32.908746004481,151.752335948669,location
AUSTRALIA,Queensland,"Main Beach, Southport",-27.9617377,153.4131388,location
USA,California,Santa Barbara Channel,34.25,-120.00097,location
SOUTH AFRICA,KwaZulu-Natal,"North Pier, Durban",-29.852173629321,31.033222308212,location
AUSTRALIA,New South Wales,"Lambeth Street Wharf, George’s River, East Hills (20 miles from river mouth)",-33.960693812054,150.998190611581,location
AUSTRALIA,Queensland,Calliope River,-23.83333,151.21667,location
AUSTRALIA,Torres Strait,Barrier Reef near Innisfail,-9.561435995,142.288520258,location
USA,Florida,70 miles off Tarpon Springs,28.15447319748,-82.759313815903,location
MEXICO,Veracruz,Panuco River Mouth,22.0591879,-98.1780465,location
SPAIN,Valencia,Nasareth Beach,39.448738703824,-0.336828082823,location
FIJI,Viti Levu Island,Suva Harbor,-18.236892333551,178.081986297311,location
ITALY,Golfo di Genova in the Ligurian Sea,Varazze,44.16667,8.91667,location
SPAIN,Sants-Montjic,"Casa Antunez Beach, Barcelona",41.34772,2.15609,location
AUSTRALIA,Queensland,Currumbin,-28.135342185,153.483302938,location
AUSTRALIA,New South Wales,"Murwillumbah, Tweed River",-28.32732,153.39339,location
ENGLAND,East Yorkshire,Hornsea,53.91041,-0.16806,location
AUSTRALIA,Queensland,"Between Bay Rock & Magnetic Island, Cleveland Bay",-19.15514,146.8485,location
USA,New Jersey,"Matawan Creek, 10 miles from the sea, Monmouth County",40.3028764484,-74.354896216819,location
SPAIN,Gran Canaria,Las Palmas,28.11654,-15.43898,location
CROATIA,Istria County,Pula,44.86667,13.86667,location
AUSTRALIA,Torres Strait,Thursday Island,-10.58334,142.21671,location
SOUTH AFRICA,Western Cape Province,Stilbaai,-34.10153,23.32521,location
USA,Hawaii,"Kalepolepo, Kihei, Maui",20.7632,-156.45932,location
USA,Florida,"Fort Pierce, St Lucie County",27.447119,-80.337237,location
AUSTRALIA,Queensland,The Narrows,-23.608208287,150.953658684,location
YEMEN,Socotra Islands,Socotra,12.49826,53.91678,location
USA,Hawaii,"Kahului, Maui",20.8880335,-156.4678501,location
PHILIPPINES,Luzon Island,Off Manila,16.0,121.0,location
NEW ZEALAND,North Island,Rockhampton,-41.2421116,174.8133874,location
SIERRA LEONE,Western Area,Freetown,8.48714,-13.2356,location
LIBYA,Mediterranean Sea,Off Tripoli,32.8922194,13.1730786,location
AUSTRALIA,Victoria,Mordialloc,-38.001520283,145.093194054,location
USA,New Jersey,"Bayonne, Hudson County",40.669077,-74.117183,location
AUSTRALIA,South Australia,"Port Pirie, Spencer Gulf, 230 km north of Adelaide",-34.907687,138.596697497,location
USA,North Carolina,"Elizabeth City, Pasquotank County",36.3022029,-76.2232287,location
AUSTRALIA,Queensland,"Petrie Bight, Brisbane River",-27.262100654,152.968073645,location
AUSTRALIA,New South Wales,Cooranbong,-33.073794405,151.455751038,location
ITALY,Adriatic Sea,Trieste,45.6535974,13.7785154,location
NEW ZEALAND,Foveaux Strait,Stewart Island,-46.898518146,168.124291069,location
INDONESIA,Sumatra,Off Acheen Head,-7.3786,107.7251,location
SPAIN,Malaga,Fuengirola,36.5390044,-4.6243528,location
USA,South Carolina,"Charleston Harbor, Charleston County",32.76379,-79.89731,location
USA,South Carolina,"Magwoods Wharf, Charleston Harbor, Charleston County",32.816172584285,-80.040206258493,location
AUSTRALIA,New South Wales,"South Head, Sydney",-33.83473,151.280066,location
SRI LANKA,Unknown,Gulf of Mannar,8.877984327844,80.0888359865,location
MARTINIQUE,Unknown,Foundering of the privateer Holker,14.653133328,-61.018380562,location
INDIA,West Bengal,Ganges Delta,23.839721,87.552623,location
USA,New York,"Fire Island Pines, Suffolk County",40.66538,-73.06817,location
SOUTH AFRICA,Easten Cape Province,Mngcibe Beach,-32.0,26.0,location
AUSTRALIA,Queensland,Lady Musgrave Island,-23.90714,152.3926,location
BAHAMAS,Unknown,Cat Island,24.3096411,-75.4433707,location
USA,New York,"Kismet Beach, Long Island",40.74482,-73.94875,location
USA,New Jersey,Tutle Back Zoo,40.7676,-74.2808,location
NEW ZEALAND,North Island,Taranaki,-41.2969392,174.7765246,location
USA,Florida,"46 miles off Mayport, Duval County",30.324458663705,-81.419685324716,location
USA,Hawaii,"Anaehoomalu Bay
Waikoloa, Hawaii County",19.9166268,-155.8847596,location
USA,Florida,"Miami Beach, Miami-Dade County",25.7922359,-80.134852,location
USA,Maine,"Bailey Island, Cumberland County",43.721252,-70.001738,location
NEW CALEDONIA,South Province,"Plateau de Ricaudy, Nouméa",-22.28414,166.48195,location
USA,California,"Moonlight Beach, San Diego County",33.04634800961,-117.297322477667,location
REUNION ISLAND,Saint-Gilles,L’Hermitage Lagoon,-21.05203,55.22571,location
AUSTRALIA,Queensland,"Pelican Waters, Caloundra",-26.8336547,153.1084781,location
BAHAMAS,Abaco Islands,Great Guana Cay,24.02039,-76.35501,location
USA,Massachusetts,"Menauhant Beach, Falmouth,
Barnstable County",41.54928,-70.55475,location
SPAIN,Majorca,"Estanys Beach, Colonia de Sant",39.61362,3.02004,location
FRENCH POLYNESIA,Marquesas,"Atuona Bay, Hiva Oa Island",-9.80342,-139.04202,location
NEW CALEDONIA,South Province,Yate,-22.08333,166.75,location
USA,Hawaii,"Lanikai Beach, Kailua, Oahu",21.3930763,-157.7157575,location
BAHAMAS,Grand Bahama Island,"Port Lucaya, Freeport",26.5210127,-78.7701719,location
AUSTRALIA,New South Wales,"Seven Mile Beach, Byron Bay",-28.718553516768,153.611916298523,location
AUSTRALIA,Western Australia,Freo,-25.474315693,122.184309326,location
SPAIN,Catalonia,Salou,41.0766628,1.1446272,location
USA,Florida,"Atlantic Beach, Duval County",30.3336079,-81.397624,location
SPAIN,Alicante,Benidorm,38.5369002,-0.1291231,location
USA,North Carolina,"Sunset Beach, Brunswick County",33.8924012,-78.5032644,location
USA,Hawaii,"Paia Bay, Maui",20.91697,-156.38332,location
BAHAMAS,Unknown,Off Cape Eleuthera,25.562300966667,-76.718714533333,location
SOUTH AFRICA,Eastern Cape Province,"Albatros Point, near Jeffrey's Bay",-32.31911,25.55623,location
TONGA,Vava'u,Eueiki Island,-18.76685,-174.01902,location
AUSTRALIA,South Australia,"Dolphin Bay, Innes National Park",-35.28551,136.89956,location
AUSTRALIA,Western Australia,Kalbarri,-27.754125409,114.146697473,location
USA,Oregon,"Newport, Lincoln County",44.6365534,-124.0544474,location
KENYA,Coast Province,"Mama Ngina Beach, Mombasa",-4.069866609041,39.680486582772,location
RUSSIA,Primorsky Krai,Slavyanka,42.8739797,131.3793514,location
AUSTRALIA,Western Australia,Exmouth,-21.93493683,114.121875653,location
AUSTRALIA,New South Wales,Cudgen Creek,-28.26111,153.58276,location
SPAIN,Grand Canary Island,"Sardina del Norte, Gáldar",28.1451625,-15.6526794,location
AUSTRALIA,South Australia,North Haven,-34.788135855,138.491083563,location
AUSTRALIA,New South Wales,"Oceanworld, Manley",-34.0197619,151.1236315,location
USA,Hawaii,"Ka'a'awa, Oahu",21.55445,-157.85103,location
USA,Florida,Marques Island,30.413058723222,-87.254385732822,location
AUSTRALIA,New South Wales,South Golden Beach,-28.496492089,153.546669468,location
AUSTRALIA,South Australia,Waitpinga,-35.576359972,138.562714506,location
AUSTRALIA,Queensland,"Golden Beach, Caloundra",-26.803243663724,153.097987612582,location
USA,Florida,"Sand Key Beach, Clearwater, Pinellas County",27.96075950674,-82.826619076063,location
SOUTH AFRICA,Western Cape Province,Noordhoek,-34.10071,18.36501,location
AUSTRALIA,Victoria,Port Phillip Bay,-38.06107,144.85336,location
USA,Texas,"Pirate's Beach, Galveston Island",29.20208,-94.940605,location
AUSTRALIA,New South Wales,"Latitude Reef, near Forster",-32.186958888,152.521896478,location
SOUTH AFRICA,Western Cape Province,"Surfers' Corner, Muizenberg, False Bay",-34.0999,18.45776,location
VENEZUELA,Anzoategui,"Playa Colorada Beach, Mochima National Park, only 200 m west of Santa Cruz Beach",8.943967213183,-64.420929959345,location
SOUTH AFRICA,Western Cape Province,"Near the lagoon at Table View, Cape Peninsula",-33.81913,18.4881,location
USA,Hawaii,Ka'anapali,20.92881,-156.69422,location
USA,Alabama,"Gulf of Mexico, 65 miles offshore from Mobile",30.688943,-88.044822,location
PAPUA NEW GUINEA,Louisiade Archipelago,"Gawa Reefs, Sudest Island",-11.2,153.0,location
USA,Hawaii,"Anini Beach, Kaua'i",22.22392,-159.44741,location
USA,Virginia,"Sandbridge Beach, Princess Anne County",36.710041,-75.929749,location
USA,Florida,"Waveland Beach, Hutchinson Island, St Lucie County",27.2750944,-80.2069049,location
AUSTRALIA,New South Wales,Bronte Beach,-33.903445,151.268281,location
USA,Florida,"Coral Cove Park, Jupiter Island, Martin County",27.045953486602,-80.130977509604,location
BRAZIL,Bahia,Nova Vicosa,-17.9021551,-39.3717769,location
USA,Florida,"Municipal Beach, Riviera Beach, Palm Beach County",26.782392,-80.033653,location
USA,Florida,Santa Rosa Sound Escambia County,30.610821908777,-87.357449775393,location
MAURITIUS,Grand Baie,Pointe aux Canonniers,-20.0070268,57.5586864,location
USA,North Carolina,Frying Pan Shoals,33.80101,-77.94693,location
BAHAMAS,Berry Islands,Ambergris Cay,25.66946,-77.83599,location
SOUTH AFRICA,Eastern Cape Province,"Gonubie, 13 km northeast of East London",-33.01529,27.91162,location
USA,Florida,"North Beach, St. Lucie County",27.47165584819,-80.325485188582,location
USA,Florida,"Crescent Beach, St. Augustine, St. Johns County",29.82208,-81.26352,location
AUSTRALIA,Western Australia,"Honeymoon Island, near Hopetown",-34.99102,117.3449,location
USA,Hawaii,Kailua Bay,19.63533,-155.99595,location
SOUTH AFRICA,KwaZulu-Natal,Hibberdene,-30.577034154884,30.570012239996,location
USA,Oregon,"Neskowin, Tillamook County",45.1063132,-123.9839225,location
AUSTRALIA,Queensland,Pelican Banks near Gladstone,-23.891707955975,151.206983822268,location
REUNION,Sainte-Suzanne,Temple Tamoule,-20.90555957,55.607466439,location
USA,California,"Klamath River, Del Norte County",41.53306,-124.08113,location
USA,Florida,"St Augustine, St. Johns County",29.896004,-81.316709,location
USA,Florida,"Tiger Shores Beach, Martin County",27.2211182,-80.1790851,location
USA,California,"Stillwater Cove, Sonoma County",38.54583,-123.29861,location
SOUTH AFRICA,Eastern Cape Province,Mpekeweni,-33.38333,27.06667,location
JAMAICA,St. Mary's Parish,"Priestman's River area, East Portland",18.13477,-76.34027,location
SOUTH AFRICA,Western Cape Province,Velddrif,-32.78518,18.17859,location
USA,Texas,Galveston Island,29.2786,-94.8053,location
SOUTH AFRICA,Eastern Cape Province,Cape St. Francis,-34.19688,24.87122,location
USA,California,"San Gregorio Beach, San Mateo County",37.323,-122.40331,location
MOZAMBIQUE,Gaza,Xai Xai,-24.804556933333,33.522299833333,location
AUSTRALIA,Queensland,Palm Island,-18.726650247,146.605827325,location
BAHAMAS,Eleuthera,Spanish Wells,25.5464658,-76.7317127,location
AUSTRALIA,New South Wales,Brunswick Heads,-28.540985829,153.547339483,location
PAPUA NEW GUINEA,Madang Province,Sek Harbor,-5.08346,145.80484,location
PANAMA,San Blas Islands,"Achutupu, a small island ner Ailigandi",9.2281,-78.02778,location
NEW ZEALAND,North Island,"Hokio Beach, near Levin",-40.628669594136,175.265406129216,location
SOUTH AFRICA,KwaZulu-Natal,"Next to West Street groyne, Durban",-29.859043792575,31.019742754914,location
PALAU,Western Caroline Islands,Koror,7.503,134.627,location
USA,Florida,Off Key West,24.5597511,-81.7837032,location
ADMIRALTY ISLANDS,Manus Island,Sisi  (west coast of island),-16.06554,123.4032,location
USA,New Jersey,"Manasquan, Ocean County",40.07024,-74.046824,location
AUSTRALIA,Queensland,Between Smith’s Rock & Moreton Island,-27.17922788,153.375420795,location
ITALY,Venice Province,Chioggia,45.21857,12.27774,location
USA,Florida,"Ponte Vedra Beach, St. Johns County",30.242809,-81.382818,location
AUSTRALIA,Queensland,"Colledge's Crossing, Brisbane River",-27.5564322,152.8002728,location
USA,New Jersey,"Sea Girt, Monmouth County",40.130098,-74.042175,location
USA,Georgia,"North picnic area, Jekyll Island, Glynn County",31.0473627,-81.4115056,location
USA,California,"Aptos, Santa Cruz County",36.979891,-121.908451,location
PAPUA NEW GUINEA,Madang,Taludig,-5.153365753253,145.284914130268,location
INDIA,Orissa,Machhagan,20.06891,86.278128,location
VENEZUELA,Nueva Esparta,Margarita Island,10.98705,-63.93568,location
USA,Florida,"Longboat Key, Sarasota, Sarasota County",27.347243,-82.542889,location
PAPUA NEW GUINEA,West New Britain Province,"Kombe, Talasea",-5.66667,149.58333,location
CUBA,Havana Province,Havana,23.13302,-82.38304,location
AUSTRALIA,New South Wales,Wamberal,-33.424190892,151.441044066,location
UNITED KINGDOM,Isle of Man,Off Fleetwood,54.227287753724,-4.539482623784,location
USA,Hawaii,"Waiau, Pearl Harbor, O'ahu",21.281051,-157.800915,location
AUSTRALIA,South Australia,Cape Douglas,-38.022880984,140.59186311,location
MOZAMBIQUE,Sofala Province,Beira,-19.84361,34.83889,location
SOUTH AFRICA,Western Cape Province,Gansbaai,-34.58356,19.34236,location
AUSTRALIA,New South Wales,"Mona Vale, near Sydney",-33.676563558,151.303450247,location
PACIFIC OCEAN,Unknown,Off Central American coast at 8N.79W,40.242529,-74.032533,location
AUSTRALIA,Queensland,Palm Beach,-28.113341456,153.466266066,location
Unknown,Unknown,225 miles east of Hong Kong,22.282154,114.1568855,location
ATLANTIC OCEAN,Unknown,360 miles north of Ascension Island,40.242529,-74.032533,location
USA,New Jersey,"Brielle, Monmouth County (Offshore)",40.108842,-74.060335,location
AUSTRALIA,New South Wales,Sydney Harbour,-33.8581368,151.2138998,location
AUSTRALIA,New South Wales,"Angourie, near Yamba",-29.444476503111,153.352296082606,location
AUSTRALIA,South Australia,"West Beach, near Adelaide",-34.940859352,138.505547858,location
AUSTRALIA,Queensland,Near Barrow Point,-14.35098,144.64431,location
CUBA,Havana Province,"Vedado Baths, Miramar, Havana",23.13302,-82.38304,location
AUSTRALIA,South Australia,Ardrossan,-34.414357718,137.91112758,location
USA,Florida,"Cape Canaveral, Brevard County",28.388229,-80.605878,location
SOUTH AFRICA,Eastern Cape Province,Kidd’s Beach,-33.15183,27.69822,location
USA,New Jersey,"Sea Bright, Monmouth County",40.361973,-73.974142,location
USA,Massachusetts,Nahant,42.423876,-70.913572,location
AUSTRALIA,New South Wales,"Bilgola Beach, Sydney",-33.643768347,151.327597097,location
CUBA,Unknown,Havana Harbor,23.13804,-82.3402,location
NEW ZEALAND,North Island,"Stanley Bay, Auckland Harbor",-36.785684732609,174.714399860713,location
NEW ZEALAND,South Island,"Tahuna Beach, Nelson",-41.28376,173.24217,location
AUSTRALIA,Queensland,Townsville,-19.265077469,146.809176986,location
MEXICO,Tamaulipas,Tampico,22.280127851,-97.875798805,location
NEW ZEALAND,North Island,Otaki,-40.7607622,175.1569096,location
CUBA,Unknown,off Neuvitas,21.5459167,-77.2649837,location
REUNION,Saint-Denis,Barachoise bridge,-20.896116,55.475575,location
AUSTRALIA,Western Australia,Off Legendre Island,-20.38811,116.8805,location
SPAIN,Galicia,Cape Finisterre,42.882468,-9.272212,location
AUSTRALIA,New South Wales,"Merewether Beach, near Newcastle",-32.947968,151.756403,location
AUSTRALIA,Torres Strait,Mabiuag,-9.561435995,142.288520258,location
CUBA,Villa Clara Province,Caibarien Harbor,22.51996,-79.46599,location
ITALY,Imperia Province,Bordighera,43.78064,7.66451,location
AUSTRALIA,Queensland,Bowen,-20.046734887,148.174112407,location
AUSTRALIA,New South Wales,"Hawkesbury Bridge, Sydney",-33.772149975357,150.725860822097,location
SOUTH AFRICA,KwaZulu-Natal,Kokstad District,-30.540174397684,29.420958135697,location
AUSTRALIA,New South Wales,Bermagui,-36.431665105,150.039538601,location
SCOTLAND,Edinburgh,Granton,55.981053256,-3.234431355,location
USA,Massachusetts,"Chelsea Beach, Suffolk County",42.4251,-70.98283,location
USA,Rhode Island,Bristol Harbor,41.66121,-71.28227,location
USA,Florida,"Pensacola Harbor, Escambia County",30.501305680196,-87.265364726287,location
JAMAICA,Unknown,Kingston Harbor,17.95489,-76.79954,location
Unknown,Unknown,Carlisle Bay,54.89262629,-2.933022576,location
ITALY,Sicily,Strait of Messina,38.24681,15.6411,location
USA,New Jersey,"Stone Harbor, Cape May County",39.054545,-74.760678,location
MeXICO,Gulf of California,Tobari Bay,22.145734445,-102.244335833,location
AUSTRALIA,Western Australia,Gum Tree Bay,-29.78432,114.9623,location
AUSTRALIA,Western Australia,Cable Beach,-17.954725675,122.215068353,location
USA,California,"Shelter Cove, Humboldt County",40.028592,-124.072576,location
USA,Alabama,"Orange Beach, Baldwin County",30.2921069,-87.5791846,location
AUSTRALIA,Queensland,"Elliot Head, near Bundaberg.",-24.909677534,152.479360241,location
USA,Hawaii,"Kihei, South Maui",20.749162235681,-156.455457819716,location
USA,Hawaii,"Makaha Beach, Oahu",21.4625817,-158.2129995,location
USA,Hawaii,"North Koahala, Big Island",20.13195,-155.79389,location
AUSTRALIA,New South Wales,"Shelly Beach, Ballina",-28.86323,153.59435,location
USA,California,Humboldt County,40.705005506956,-123.915826623417,location
USA,Massachusetts,"Longnook Beach, Truro, Barnstable County",42.020711,-70.0371376,location
USA,Florida,"Fernandina Beach, Nassau County",30.669893,-81.451439,location
USA,Florida,"Near the Bahia Honda Bridge, Monroe County",25.17271300914,-80.376317370832,location
FRENCH POLYNESIA,Tuamotos,Makemo Atoll,-16.59836,-143.72349,location
USA,California,"Bolsa Chica State Park, Orange County",33.7109249,-118.0654702,location
AUSTRALIA,New South Wales,Hams Beach,-33.0975,151.6581,location
USA,Hawaii,La'aloa Beach Park,19.5937997,-155.9715584,location
AUSTRALIA,Tasmania,"Lachan Island, Mercury Passage",-42.67472,147.9775,location
SOUTH AFRICA,Eastern Cape Province,Jeffrey's Bay,-34.04526,24.92146,location
USA,Florida,Fort Lauderdale,26.1241631,-80.1435862,location
SPAIN,Granada,Off Motril,36.7446588,-3.5166661,location
USA,Florida,"Indian Harbor Beach, Brevard County",28.152451,-80.590172,location
FRENCH POLYNESIA,Moorea,Tiahura Lagoon,-17.49291,-149.89705,location
USA,Massachusetts,"Manomet Point, Plymouth, Plymouth County",41.92677,-70.53892,location
AUSTRALIA,Western Australia,"South Passage, south of Coral Bay",-22.698840663739,117.797677147893,location
USA,Hawaii,"Between  Makena & Molokini, Maui",20.6558129,-156.4382664,location
USA,South Carolina,"St. Helena Island, Beaufort County",32.427134,-80.469145,location
SPAIN,Catalonia,"Sant Marti d’Empuries Beach, L’Escala",42.1399046,3.1180566,location
NEW ZEALAND,South Island,"Sunday Cove, Fiordland",-45.416868,167.7123079,location
FIJI,Unknown,Matacucu Reef,-16.12558,-179.6605,location
AUSTRALIA,New South Wales,North Avoca Beach,-33.457302908629,151.439564941063,location
SOUTH AFRICA,Eastern Cape Province,"Noordhoek, Port Elizabeth",-33.96109,25.61494,location
INDONESIA,Bali,Tabanan,-8.5448141,115.1201167,location
AUSTRALIA,Western Australia,Bunker Bay,-33.5435704,115.033001,location
BRAZIL,Pernambuco,Praia do Pina,-8.095247,-34.882149,location
MEXICO,Quintana Roo,"Gaviotas Beach, Cancun",21.138483,-86.767015,location
EGYPT,South Sinai Peninsula,"Middle Garden, Sharm el-Shiekh",27.9158248,34.3262398,location
TAIWAN,Unknown,50 miles off Kaohsiung,22.6205476,120.3120483,location
USA,Hawaii,"Wailea, Maui",20.6917451,-156.4411859,location
BAHAMAS,Grand Bahama Island,Sweetings Cay,26.5333204,-78.6471192,location
USA,California,"Imperial Beach, San Diego County",32.58231,-117.118004,location
USA,California,"Faria Beach, Ventura County",34.3178874,-119.3870634,location
USA,Hawaii,"Keawakapu Beach, Maui",20.703902,-156.4461356,location
AUSTRALIA,Queensland,"Moore Park, north of Bundaberg",-24.84789492093,152.317807635029,location
USA,Hawaii,"North Shore, O'ahu",21.59116,-158.1094,location
USA,Guam,Gun Beach,13.5251195,144.8039434,location
USA,California,"Mavericks, Half Moon Bay, San Mateo County",37.50571,-122.48916,location
USA,Hawaii,"Noreiga's, Maui",20.86774,-156.61706,location
NEW ZEALAND,North Island,Whangarei,-35.7240408,174.318191,location
BAHAMAS,Abaco Islands,10 miles west of Walker’s Cay,27.26112,-78.40264,location
USA,Florida,"Sunglow Pier, Daytona Beach Shores, Volusia County",29.146437,-80.965991,location
SOUTH AFRICA,KwaZulu-Natal between Port Edward and Port St Johns,Off Mkhambati,-31.4445899,29.4201332,location
AUSTRALIA,Queensland,"Moreton Bay, NE of Brisbane",-27.117187222048,152.993722623029,location
USA,North Carolina,"Avon, Hatteras Island, Outer Banks, Dare County",35.56685,-75.46849,location
USA,California,"Sunset Cliffs, San Diego",32.7305,-117.2532,location
AUSTRALIA,Queensland,Flinders Cay,-20.919948863,144.316054456,location
USA,Florida,"South Beach, Sebastian, Indian River County",27.778889712115,-80.463241142149,location
AUSTRALIA,Victoria,"Koonya Beach, Melbourne",-38.361118038295,144.757226751137,location
AUSTRALIA,South Australia,"Point Sinclair, Cactus Beach near Penong",-32.0835,132.9822,location
USA,Florida,"South of Ponce Inlet, Volusia County",29.106259401471,-80.972937839559,location
USA,Florida,"Atlantic Dunes Park, Delray Beach, Palm Beach County",26.44201,-80.06126,location
NEW ZEALAND,North Island,"Papamoa, near Tauranga, Bay of Plenty",-37.7012499,176.2845591,location
AUSTRALIA,Northern Territory,Gulf of Carpenteria,-23.6984,133.8825,location
USA,Oregon,Gleneden Beach,44.883959,-124.034901,location
NEW CALEDONIA,South Province,l'Anse-Vata,-22.30037,166.44347,location
AUSTRALIA,New South Wales,Botany Bay?,-33.968435724,151.205163386,location
USA,Texas,"East Beach, Galveston",29.325245,-94.73904,location
AUSTRALIA,Victoria,"Seal Rocks, Phillip Island",-38.5186144,145.341846,location
USA,Hawaii,"La'ie Point, O'ahu",21.64817,-157.9136,location
AUSTRALIA,New South Wales,"Charles Street Wharf, Parramatta River",-33.81604904699,151.008885007355,location
TONGA,Tongapatu Group,Between 'Ata and Tongapatu,-21.16667,-175.16667,location
USA,California,"San Nicholas Island, Santa Barbara County",34.397393520829,-119.708346461169,location
AUSTRALIA,New South Wales,Avalon Beach,-33.631033698,151.327157347,location
USA,Hawaii,"Twin Arches, Hana Ranch, Maui",20.86774,-156.61706,location
USA,Hawaii,"Olowalu, Maui",20.81136,-156.622548,location
USA,Florida,"South Miami Beach, Dade County",25.7745,-80.1329,location
BRAZIL,Pernambuco,"Praia de Pau Amarelo, Recife",-8.0874,-34.9713,location
USA,Texas,"Near Port Aransas, Nueces County",27.832467,-97.063204,location
AUSTRALIA,Queensland,Outer Barrier Reef near Port Douglas,-16.520337368678,145.469601904246,location
AUSTRALIA,Queensland,"Dingo Reef, 80 nm off Townsville",-19.265077469,146.809176986,location
AUSTRALIA,New South Wales,"Half Tide Beach, Evans Head",-29.1164,153.4443,location
USA,South Carolina,"Sea Pines Beach Club, Hilton Head, Beaufort County",32.125026,-80.786684,location
REUNION,Saint-Louis,Embouchure de l'étang du Gol,-21.292316,55.39206,location
USA,California,"Monastery Beach, Carmel River State Park, Monterey Peninsula, Monterey California",18.3807009,-67.1903243,location
SOUTH AFRICA,Eastern Cape Province,St. George’s Strand,-33.82456,25.65644,location
AUSTRALIA,Queensland,"Off Lodestone Reef, Great Barrier Reef, north of Townsville",-19.265077469,146.809176986,location
USA,South Carolina,60 miles southeast of Beaufort,32.43588171864,-80.646690494696,location
SOUTH AFRICA,Western Cape Province,Langebaan,-33.09751,18.0315,location
AUSTRALIA,Western Australia,"Leighton Beach, north of Freemantle",-32.0245,115.7503,location
USA,Hawaii,"Puamana, Lahaina, Maui",20.980046760867,-156.674038197312,location
SOUTH AFRICA,Eastern Cape Province,Kenton-on-Sea,-33.68421,26.67036,location
USA,California,"Ano Nuevo Island, San Mateo, County",37.10851,-122.33679,location
USA,Hawaii,"South Kohala, Hawai'i",19.93333,-155.81667,location
USA,California,"Pajaro Dunes, Santa Cruz County",36.869678,-121.815415,location
AUSTRALIA,Queensland,Currumbin Rock,-28.12612,153.486351,location
FRENCH POLYNESIA,Tuamotus,Ahé Atoll,-14.4806,-146.30279,location
AUSTRALIA,New South Wales,"Marineland, Sydney",-33.868719387,151.206957214,location
USA,California,"Bird Rock, Tomales Point, near Marin County / Sonoma County border",38.246441,-122.908587,location
AUSTRALIA,Tasmania,Taroona,-42.944324197,147.350811711,location
AUSTRALIA,South Australia,Thistle Island,-34.99544,136.15059,location
USA,Florida,"Mullet Key, Pinellas County",27.6192,-82.72399,location
USA,Texas,"Point Comfort, Calhoun County",28.676112,-96.561621,location
CARIBBEAN SEA,Unknown,Between USA & Cuba,38.0627032,-91.4002103,location
COLUMBIA,Unknown,Off Cartagena,10.4025344,-75.5020994,location
PACIFIC OCEAN,"250 miles southwest of O'ahu, Hawaii",Japanese fishing boat Taihei Maru No.10,40.242529,-74.032533,location
BERMUDA,Hamilton,2 miles south of Castle Island Harbour entrance to Hamilton,32.3390091,-64.7384206,location
PAPUA NEW GUINEA,Central Province,30 miles from Port Moresby,-10.0,148.0,location
USA,California,San Mateo County,37.436318254115,-122.355531310241,location
USA,Hawaii,"Awili, South Kona, Hawai'i",19.41667,-155.83333,location
SOUTH AFRICA,KwaZulu-Natal,Shark tank at Oceanographic Research Institute,-28.727985941399,30.727269053526,location
USA,Florida,"Fowey Rock Light, Miami",25.59062,-80.09669,location
SOUTH AFRICA,Western Cape Province,Strandfontein,-34.0731,18.56119,location
PAPUA NEW GUINEA,New Britain,"East Nakanai, Talasea",-5.66667,149.58333,location
JAPAN,Hokkaido Prefecture,"Okushiri Island, Hiyama Subprefecture",42.17579291,139.51155196,location
MEXICO,Guerrero,"Caleta Beach, Acapulco",16.8317387,-99.8996208,location
USA,Florida,1 mile off Miami Beach,25.769933442074,-80.134914967905,location
PAPUA NEW GUINEA,Morobe Province,"Nasigilatu (Near Malasanga, Finschhafen, in the Huon Gulf)",-7.18333,146.95,location
USA,US Virgin Islands,Water Island,18.324960808443,-64.945956524351,location
AMERICAN SAMOA,Tutuila Island,Pago Pago Bay,-14.29972,-170.7225,location
AUSTRALIA,Western Australia,Woodman’s Point,-32.1336562,115.747627,location
SOUTH AFRICA,KwaZulu-Natal,"Rocket Hut Beach, Durban",-29.81691,31.0385825,location
PAPUA NEW GUINEA,West New Britain Province,"Volupai, Talasea",-5.66667,149.58333,location
USA,California,"Long Beach, Los Angeles County",33.771712,-118.181311,location
MID ATLANTIC OCEAN,Unknown,Bound from New York to London in ballast,39.62569,-85.92071,location
GREECE,Carpathian Sea,Dodecanese Islands,36.0,27.0,location
USA,Hawaii,"Off Waianae, O'ahu",21.341580210379,-157.938152402511,location
ISRAEL,Gaza,Jura Village,31.25857,34.45591,location
HONG KONG,Unknown,Tweed Beach,22.282154,114.1568855,location
SOUTH AFRICA,KwaZulu-Natal,"Inyoni Rocks, Amazimtoti",-30.047982584105,30.890064104961,location
AUSTRALIA,Western Australia,Carnarvon,-24.882464685,113.657553607,location
PANAMA,Panama Bay (Pacific Ocean),Otoque Island,8.9673,-79.5339,location
AUSTRALIA,Victoria,Port Melbourne,-37.838926673,144.937235607,location
SOUTH AFRICA,KwaZulu-Natal,"Danger Pool, Winkelspruit",-30.09626,30.85583,location
CHILE,Elqui Province,Coquimbo,-30.601004201129,-71.009510851508,location
AUSTRALIA,New South Wales,"Homebush Bay, Parramatta River, Sydney",-33.888208437814,150.907587297002,location
AUSTRALIA,New South Wales,"Cooks Hill, Newcastle",-32.933128558,151.768013754,location
AUSTRALIA,New South Wales,Kiama,-34.672207742,150.847892607,location
LIBYA,Mediterranean Sea,Tripoli,32.8922194,13.1730786,location
AUSTRALIA,Queensland,"Cabbage Tree Creek, Sandgate",-27.48333,152.78333,location
CROATIA,Zadar County,Biograd na moru,43.93333,15.43333,location
CROATIA,Primorje-Gorski Kotar County,Rijeka,45.32673,14.44241,location
SPAIN,Andalucia,"Puente Mayorga, San Roque, Cádiz",36.1818744,-5.3856418,location
AUSTRALIA,New South Wales,Woy Woy,-33.4946524,151.320334227,location
USA,California,"Avalon, Los Angeles County",33.343548,-118.32219,location
AUSTRALIA,Queensland,Logan River,-27.66361,153.1592,location
YEMEN,Aden,Sapper Bay,12.7825,44.97194,location
AUSTRALIA,Queensland,Caloundra Heads,-26.80287,153.15146,location
SOUTH AFRICA,KwaZulu-Natal,Durban Harbor,-29.8864835,31.0271018,location
JAMAICA,Kingston Parish,Port Royal Harbour,17.94269,-76.84115,location
USA,New York,"Cherry Grove, Suffolk County",40.65906,-73.089209,location
AUSTRALIA,Western Australia,"Beds, Wylie Bay, Esperance",-33.836204328304,121.980960826661,location
NEW ZEALAND,South Island,"Friendly Bay, Oamaru",-45.10535,170.971725,location
AUSTRALIA,Western Australia,North Lancelin,-31.049700333941,115.384034669297,location
USA,North Carolina,Wrightsville Beach,34.213812,-77.805529,location
USA,California,"Catalina Island, Orange County",33.933792761119,-117.900893983175,location
SOUTH AFRICA,KwaZulu-Natal,Mdloti,-29.65034,31.12816,location
EGYPT,South Sinai,"Shark Reef, Ras Muhammed",27.91582,34.32995,location
USA,North Carolina,"Surf City, Pender County",34.425619,-77.546911,location
AUSTRALIA,Western Australia,"Tantabitti Beach, Nigaloo",-32.128020736268,115.804932950152,location
FIJI,Unknown,Beqa,-18.3907506,178.1295395,location
USA,California,"Dog Beach, Huntington Beach",33.67438,-118.02617,location
USA,Florida,"John Pennekamp Coral Reef State Park, Monroe County",25.12,-80.405,location
AUSTRALIA,New South Wales,"Flat Rock, Ballina",-28.841194817309,153.600874858367,location
AUSTRALIA,Western Australia,"Surfers Point, Prevelly",-33.976734,114.985844,location
USA,Florida,Fort Worth,28.555341395544,-80.827156007675,location
JAPAN,Shizuoka Prefecture,Iwata City,34.71785385,137.8515097,location
SPAIN,Castellón,Grao de Moncofa,39.7986488,-0.1332512,location
USA,South Carolina,16 miles off Hilton Head,32.18617740189,-80.714270212089,location
USA,Florida,"Blockhouse Beach, Brevard County",28.2583625,-80.6040184,location
AUSTRALIA,New South Wales,Merimbula,-36.887418812,149.922226048,location
USA,North Carolina,"Atlantic Beach, Emerald Isle, Carteret County",34.701134,-76.740173,location
AUSTRALIA,Western Australia,Mindarie,-31.688651821,115.707580271,location
NEW CALEDONIA,South Province,"Ricaudy Reef, Noumea",-22.27407,166.44884,location
USA,Hawaii,"Wailea Beach, Maui",20.681265,-156.443428,location
SOUTH AFRICA,Western Cape Province,Stil Bay,-34.3693,21.40748,location
USA,California,"Gaviota State Beach, Santa Barbara County",34.504150485735,-120.228120648486,location
USA,South Carolina,"South Beach, Hunting Island State Park, Beaufort County",32.3708,-80.4375,location
MEXICO,Sinaloa,Mazlatan,25.815287439573,-109.002434193048,location
BAHAMAS,Abaco Islands,"Tahiti Beach, Elbow Cay",26.379785790043,-77.253591852932,location
AUSTRALIA,Western Australia,"Castle Rock, north of Dunsborough",-33.583832439741,115.08993366362,location
AUSTRALIA,New South Wales,The Australian Shark and Ray Centre,-33.9301,151.189,location
NEW ZEALAND,South Island,Garden Bay near Cosy Nook,-42.7146187,170.9697277,location
AUSTRALIA,New South Wales,Smiths,-30.440213705208,151.665046273212,location
REUNION,Saint-Gilles,Brisant Beach,-21.058354427308,55.2230018763,location
USA,California,"Surf Beach, Lompoc, Santa Barbara County",34.6389191,-120.4689032,location
AUSTRALIA,Victoria,Port Campbell,-38.610215372,143.003271821,location
NEW ZEALAND,North Island,"Opunake, Taranake",-39.4546015,173.8599803,location
SAUDI ARABIA,Tabuk Province,Off Duba,27.3540235,35.6965328,location
AUSTRALIA,New South Wales,Redhead Beach,-33.02048,151.70915,location
AUSTRALIA,Victoria,Elwood Beach,-37.89023,144.98456,location
USA,Florida,Cape Canaveral,28.388229,-80.605878,location
SOUTH AFRICA,Western Cape Province,"Lookout Beach, near the Keurbooms river mouth in Plettenberg Bay",-34.04731,23.38022,location
USA,North Carolina,"Ocracoke Island, Hyde County",35.13212,-75.90517,location
COLUMBIA,Sucre,"Libertad, San Onofre",9.90626,-75.58555,location
AUSTRALIA,Queensland,Between,-22.578119283,144.532318334,location
EGYPT,South Sinai Peninsula,"Coral Bay, Sharm el-Sheikh",27.9158248,34.3262398,location
USA,Florida,"Ponce, Volusia County",29.063464338553,-81.148522163141,location
AZORES,Unknown,Onboard the fishing vessel Nuevo Cedes,37.4653413,-4.1799603,location
AUSTRALIA,New South Wales,Mowarry Point,-37.15,150.01667,location
CROATIA,"Split-Dalmatia Count,","Smokvina Bay, Vis Island",43.11655,17.0223,location
USA,North Carolina,"Surf City, Topsail Island, Pender County",34.42592,-77.547096,location
USA,US Virgin Islands,Buck Island,17.78692,-64.61931,location
USA,Hawaii,"Ala Moana Beach Park, Oah'u",21.286472,-157.845514,location
USA,Florida,"Near Cocoa Beach, Brevard  County",28.320224,-80.608867,location
USA,Florida,"Islamorada Founder's Park, Plantation Key, Monroe County",24.962219,-80.567833,location
USA,Hawaii,"Makena, Maui",20.6558129,-156.4382664,location
SOUTH AFRICA,Western Cape Province,Miller's Point,-34.23028,18.47661,location
SOUTH AFRICA,Eastern Cape Province,Gonubie,-32.94433,28.01496,location
USA,Hawaii,Moloka'i,21.13831,-157.01248,location
USA,California,"Lifeguard Tower 16, Huntington Beach, Orange County",33.6506,-117.9955,location
USA,Texas,South Padre Island,26.110983,-97.165717,location
USA,California,"204s, San Clemente, Orange County",33.427289,-117.627346,location
VENEZUELA,Anzoategui,"Santa Cruz Beach, Mochima National Park, 250 km from Caracas",8.943967213183,-64.420929959345,location
AUSTRALIA,New South Wales,"Lighthouse Beach, Seal Rocks",-32.442916642917,152.522390321476,location
AUSTRALIA,Western Australia,Left break at the ‘Hot Spot’ at Sheringa Beach,-31.739641904743,115.746570482586,location
AUSTRALIA,Western Australia,Albany (incident took place 200 metres from swimmers),-35.025111419,117.883783979,location
CANADA,New Brunswick,Bay of Fundy,45.00014,-65.99886,location
SOUTH AFRICA,Transvaal,"National Zoological Gardens Aquarium, Pretoria",-25.736,28.19038,location
SOUTH AFRICA,Eastern Cape Province,Off Port Alfred,-33.58601,26.88329,location
AUSTRALIA,Queensland,"Pincushion, north of Maroochydore Beach",-26.6545,153.1036,location
FIJI,Taveuni,Off a small island 5 km from Garden Island Resort,-17.835402367,177.963331372,location
AUSTRALIA,Queensland,"Carrara, Nerang River",-27.9895046,153.3395853,location
BRAZIL,Pernambuco,Barra de Jangada,-8.2256215,-34.9347135,location
PAPUA NEW GUINEA,Madang Province,Madang,-5.22152,145.78695,location
REUNION,Saint-Paul,Embouchure de l'étang de Saint Paul,-21.0149,55.2589,location
USA,Texas,Port Aransas,27.832467,-97.063204,location
AUSTRALIA,Western Australia,"Bernier Island, Shark Bay",-24.795160182,113.155892889,location
AUSTRALIA,Queensland,"Katana Downs Reach, Brisbane River",-27.544314292,152.819914758,location
SOMALIA,Banaadir Region,"Arroyo Beach, Mogadishu",2.03711,45.34375,location
TONGA,Vava’u,Between Ofu & Fafini Islands,-18.71524,-173.978,location
USA,California,"Ano Nuevo, San Mateo County",37.10851,-122.33679,location
USA,Florida,"Manasota Beach, Sarasota County",27.0105447,-82.411896,location
AUSTRALIA,South Australia,"Snapper Point, Aldinga Beach, Adelaide",-35.2721,138.4448,location
USA,California,"Russian Gulch, Jenner, Sonoma County",38.471001,-123.159781,location
AUSTRALIA,Queensland,Moreton Bay,-27.062307389,152.829469174,location
USA,Louisiana,40 miles off Cocodrie,31.757927817278,-93.492441931675,location
PAPUA NEW GUINEA,New Ireland,Between Nago and Makau,-3.258740285,151.891964753,location
USA,Florida,"Nest Key, Monroe County",25.14873,-80.507,location
VANUATU,Malampa Province,"Port Sandwich Bay, Lamap, Malakula",-16.45,167.76667,location
USA,Florida,"3 miles south of Sebastian Inlet State Park, Indian River County",27.8522128,-80.4479585,location
USA,Florida,"Bob Graham Beach, Martin County",27.2438707,-80.191315,location
USA,Florida,"6 miles south of Boca Chica Key, Monroe County",24.599235197622,-81.65185636857,location
USA,Hawaii,"Honoli'i Pali, Hilo Bay ('Alae Point), Hawai'i",19.75824699115,-155.09099781122,location
SOUTH AFRICA,Eastern Cape Province,Fuller’s Bay,-33.05815,27.8657,location
ITALY,Golfo de Venezia,Acqua alta research platform,45.434608,12.338913,location
SOUTH AFRICA,Western Cape Province,"Bluegums Rock, Partridge Point",-34.25477,18.47748,location
SOUTH AFRICA,KwaZulu-Natal,Warner Beach,-30.0853158,30.8659858,location
USA,Hawaii,"Kama'ole Beach, Park No. 1, Kihei, Maui",20.7222,-156.4479,location
SOUTH AFRICA,Western Cape Province,Robberg Point,-34.10461,23.39539,location
AUSTRALIA,Victoria,Anglesea,-38.418790775,144.156062726,location
SOUTH AFRICA,KwaZulu-Natal,"Inyoni Rocks, Amanzimtoti",-30.047982584105,30.890064104961,location
SOUTH AFRICA,Western Cape Province,"Fish Hoek, False Bay",-34.13419,18.42484,location
USA,Hawaii,"Kailua Bay, O'ahu",19.63533,-155.99595,location
JAPAN,Kagawa Prefecture,Sakaide,34.31671485,133.86053301,location
USA,Florida,Near Key West,24.5597511,-81.7837032,location
AUSTRALIA,Western Australia,Woodman Point,-32.1336562,115.747627,location
NEW GUINEA,Central Province,Off Gaire Village,-9.6697,147.40839,location
USA,Florida,100 miles offshore,30.207201987745,-81.682912849766,location
PAPUA NEW GUINEA,New Ireland Province,Namatanai,-4.33333,152.83333,location
NEW ZEALAND,North Island,"Petone Beach, Wellington",-41.223620132393,174.858936509032,location
GREECE,Cyclades,Near Mykonos Island,37.44931,25.38075,location
AUSTRALIA,New South Wales,"Long Reef, North Manly",-33.773232432,151.273054414,location
USA,Florida,"Laguna Beach, Bay County",30.238308,-85.9216996,location
AUSTRALIA,South Australia,Glenelg Breakwater,-34.97896,138.50354,location
JAPAN,Wakayama Prefecture,"Isonoura Beach, Wakayama City",34.259541239,135.093578999,location
USA,Florida,"Vaca Cut Channel & bridge under Marathon, Monroe County",24.71113,-81.09472,location
ECUADOR,Galapagos Islands,Crewing on  the tuna clipper Mary Barbara,-0.550349502,-90.454526819,location
AUSTRALIA,New South Wales,Off Scotts,-34.29402,146.04595,location
PAPUA NEW GUINEA,Central Province,"Paga Point or Fishermans Island, Port Moresby",-10.0,148.0,location
PAPUA NEW GUINEA,Central Province,Yule Island,-8.81824,146.53144,location
PAPUA NEW GUINEA,"Admiralty Islands, Manus Province",Hus Island,-2.24338,147.40859,location
ARGENTINA,Buenos Aires Province,"Miramar Beach, 46 km south of Mar de Plata, Buenos Aires",-34.61315,-58.37723,location
JAMAICA,Kingston Parish,Kingston Harbor,17.95489,-76.79954,location
USA,Hawaii,"Kahakuloa, Maui",20.99592,-156.549168,location
PAPUA NEW GUINEA,Bougainville (North Solomons),"Tung Island, off the west coast of Buka Island",-6.25182,155.36247,location
IRAN,Khuzestan Province,"Ahvaz, on the Karun River, 275 km from the sea",31.31901,48.6842,location
AUSTRALIA,Tasmania,Triabunna,-42.513492298,147.91839155,location
INDIAN OCEAN,Unknown,Bound from Cape Town for St. Helena,-33.918290056694,18.44716852915,location
JAMAICA,Trelawney Province,Bogue (near Falmouth),18.4910625,-77.6570142,location
AUSTRALIA,New South Wales,"Cabramatta Creek, George’s River",-33.95,150.96667,location
AUSTRALIA,Queensland,Near Restoration Rock off Portland Roads,-12.62156,143.46286,location
AUSTRALIA,Queensland,Pimpana River,-27.81667,153.4,location
ISRAEL,Unknown,Nabi Rubin,31.93334,34.70596,location
NEW ZEALAND,North Island,Mahurangi River Mouth,-36.4115434,174.7029587,location
AUSTRALIA,Torres Strait,Near Mabuiag Island,-10.204054749,142.296162731,location
USA,Texas,High Island,29.565969,-94.393488,location
USA,New Jersey,"Seabright, Monmouth County",40.3615,-73.97403,location
USA,Texas,Corpus Christi,27.796416,-97.404131,location
USA,Puerto Rico,Santurce,18.435118,-66.055714,location
IRAQ,Unknown,Shatt-al Arab River,31.69231,46.9062,location
USA,New Jersey,"Lavalette, Ocean County",39.977273,-74.069474,location
MEXICO,Unknown,LaBarra,15.8888528,-93.705198511,location
AUSTRALIA,New South Wales,"Middle Harbour, Sugarloaf Bay, Sydney (Estuary)",-33.790870603,151.226941183,location
MEXICO,Veracruz,Coatzacoalcos,18.136511945,-94.458879391,location
SRI LANKA,Unknown,Colombo Harbor,6.95094,79.84932,location
USA,New Jersey,Raritan Bay,41.024954667602,-74.236432693667,location
BURMA,Rangoon,Amherst,16.80528,96.15611,location
NEW ZEALAND,North Island,"Lampton Harbour, Wellington",-41.277920787915,174.780047506855,location
USA,Florida,Hillsborough Bay,27.86717,-82.44292,location
USA,Hawaii,Kawahae,20.0381857,-155.82906,location
Fiji,Lomaiviti Provine,"Levuka Point, Ovalau Island",-17.68589,178.78584,location
INDIA,"22ºN, 88ºE",Hoogly River at Multah,17.620272,82.355822,location
INDIA,"22ºN, 88ºE",Near Sobah Bazar,22.149497,88.278013,location
USA,Hawaii,Off Kawaihae,20.0381857,-155.82906,location
AUSTRALIA,Victoria,Melbourne,-37.815051434,144.960255426,location
FIJI,Viti Levu Island,Rewa,-17.84512,178.01903,location
VANUATU,Sanma Province,"Bay of Yago, Espiritu Santo Island",-15.3274,166.92232,location
USA,Florida,"Flamingo Marina, Homestead, Miami-Dade County",25.395323,-80.583031,location
USA,Florida,"Key Largo, Monroe County",25.130026,-80.405962,location
USA,New York,"Seaview Beach, Suffolk County",40.7837,-72.8049,location
MALDIVES,Unknown,"Maafilaafushi Island, Lhaviyani Atoll",5.3651894,73.4129192,location
THAILAND,Phuket,Kamala Beach,7.954708818,98.282721386,location
BRAZIL,São Paulo.,Ubatuba Beach,-23.451642,-45.046344,location
SOUTH AFRICA,Eastern Cape Province,Chintsa,-32.82444,28.1145,location
ST MARTIN,Unknown,Orient Beach,18.08985,-63.02178,location
THAILAND,"Muang district of Satun province,",Chebilang pier,6.6500278,100.0854296,location
MEXICO,Guerrero,Off Barra Vieja,16.691388885,-99.626666689,location
USA,Hawaii,"Napoopoo Park in Kealakekua Bay, The Big Island",19.492999175074,-155.918332007967,location
NEW ZEALAND,Chatham Islands,Pitt Island or Chatham Island,-44.282920519,-176.220905069,location
AUSTRALIA,New South Wales,South Steyne,-33.798564974655,151.288975793086,location
BAHAMAS,The Exuma Cays,Staniel Cay,24.1689601,-76.4406033,location
AUSTRALIA,Victoria,Cathedral Rock,-38.56716,143.96914,location
USA,South Carolina,Wrightsville Beach,34.663751364109,-80.395523030495,location
USA,South Carolina,"Awendaw, Charleston County",32.990128,-79.644251,location
REUNION,Saint-Leu,Pointe au Sal,-21.195365751211,55.286273412274,location
MEXICO,Tamaulipas,"Playa Baghdad, Matamoros",25.825040274,-97.152136519,location
USA,Massachusetts,"Off Gloucester, Essec County",42.616135,-70.66893,location
USA,North Carolina,Surf City,34.425619,-77.546911,location
AUSTRALIA,Western Australia,"Kelpids Beach, Wylie Bay, Esperance",-33.864058322,121.889971273,location
USA,Florida,"Fletcher Beach, Hutchinson Island, Martin County",27.286106,-80.223526,location
USA,South Carolina,"Surfside Beach, Horry  County",33.608745,-78.97702,location
USA,Florida,"Hallandale Beach, Broward County",25.9847185,-80.1477783,location
USA,Florida,"Table Beach, Brevard County",28.266571,-80.60564,location
USA,Florida,"Winterhaven Park,           Ponce Inlet, Volusia County",29.1046962,-80.9416217,location
BAHAMAS,Exuma Islands,Compass Cay,24.26693,-76.51693,location
AUSTRALIA,New South Wales,Target Beach,-35.07123,150.783,location
USA,Hawaii,"Halewia, Oahu",21.592989,-158.10343,location
FRENCH POLYNESIA,Tuamotus,"North Pass, Fakarava",-16.34101,-145.61794,location
AUSTRALIA,Victoria,Ship's Graveyard off Point Lonsdale,-38.259560082,144.602645707,location
AUSTRALIA,Queensland,Duranbah,-21.058430300895,149.188218090422,location
ANTIGUA,St John's,Fort James Beach,17.1188196,-61.8439612,location
USA,California,"Samoa Beach, Humboldt County",40.8062561,-124.1990911,location
AUSTRALIA,Queensland,Fantome Island,-18.6856,146.51895,location
USA,Texas,"Mustang Island, Nueces County",27.73948,-97.13166,location
USA,Texas,Matagorda Beach,28.6045189,-95.9676298,location
AUSTRALIA,New South Wales,"Tallow Beach, Byron Bay",-28.646118,153.631348,location
AUSTRALIA,South Australia,Off Perforated Island near Coffin Bay,-34.72732,135.15651,location
MEXICO,Colima,"Manzanillo, Revillagigedo Islands",19.110437392,-104.326197864,location
USA,California,"Surf Beach, Vandenberg AFB, Santa Barbara County",34.6427492,-120.6221275,location
SOUTH AFRICA,Western Cape Province,"Melkbaai, Strand",-34.10687,18.82751,location
AUSTRALIA,New South Wales,Fraser's Reef,-35.84858102422,145.942403035208,location
USA,California,"Loch Lomond, Marin County",37.9779336,-122.4888682,location
SOUTH AFRICA,Western Cape Province,"Jogensfontein, Stilbaai",-34.42562,21.33995,location
AUSTRALIA,Victoria,Off Tower Hill,-38.334382396,142.357306748,location
AUSTRALIA,Tasmania,near Schouten Island,-42.313001409,148.29083262,location
ENGLAND,North Devon,Lundy Island,51.082334651152,-4.039401776621,location
PANAMA,San Carlos,Playa Teta,8.50285,-79.92629,location
USA,Florida,"Playalinda Beach, Canaveral National Seashore, Brevard County",28.702331,-80.667231,location
FRENCH POLYNESIA,Tahiti,Rangiroa,-14.95916,-147.64664,location
USA,Oregon,"Florence, Lane County",43.9746636,-124.1031439,location
SOUTH AFRICA,Western Cape Province,Danger Reef,-31.3096,18.357,location
USA,Florida,"Destin, Walton County",30.618832151568,-86.17148992614,location
USA,Florida,"Bathtub Reef Beach, Martin County",27.186903,-80.160736,location
USA,Florida,"Near New Smyrna Jetty, Volusia County",29.02582,-80.927,location
BRAZIL,Rio de Janeiro,"Copacabana Beach, Rio de Janiero",-22.9739,-43.1853,location
BRAZIL,Pernambuco,"Piedade Beach, Jaboatão dos Guararapes City, Recife",-8.1717,-34.9147,location
INDONESIA,Unknown,"Shark caught in Indonesia, offloaded to trawler that docked at Samut Prakan, 20 miles south of Bangkok, Thailand",-7.3324118,110.6577043,location
CARIBBEAN SEA,Unknown,Between St. Maarten & Anguilla,18.5,-63.05,location
TANZANIA,Unknown,"Coco Beach, Dar-es-Salaam (Reported as the 5th fatality in 3 months at Coco Beach)",-6.438400133,34.995322712,location
USA,Florida,"Big Pine Key, Monroe County",24.689095,-81.359962,location
USA,Florida,"Smyrna Dunes Park, New Smyrna Beach, Volusia County",29.070211,-80.914962,location
NEW CALEDONIA,South Province,Mont Dore,-22.26257,166.56621,location
USA,Florida,"Ocean Beach, Jaycee Park, Vero Beach, Indian River County",27.665494,-80.358693,location
SOUTH AFRICA,Western Cape Province,"Buffalo Bay, near Knysna",-34.08366,22.98133,location
USA,Florida,"Carysfort Lighthouse, Key Largo, Monroe County",25.256923627548,-80.309304585257,location
USA,California,"North Salmon Creek Beach, Sonoma County",38.3592,-123.0682,location
USA,Florida,"Wiggins Pass, Collier County",26.28842,-81.8312,location
USA,Florida,"3 miles east of Jacksonville Beach, Duval County",30.253367702552,-81.383369645792,location
AUSTRALIA,Western Australia,Off Rottnest Island,-32.007488242,115.520328532,location
JAPAN,Ehime Prefecture,Iyo,33.75769715,132.70384091,location
USA,Oregon,"Bastendorf Beach, Coos County",43.34539,-124.34845,location
NEW ZEALAND,Antarctic Ocean,"Meteorologic Station on Campbell Island, 370 nautical miles south of New Zealand",-42.287233564,172.3434325,location
AUSTRALIA,Tasmania,"Clifton Beach, southwest of Hobart",-42.834685192193,147.350368133593,location
HONG KONG,Port Shelter,"Silverstrand Beach, near Hung Hau",22.282154,114.1568855,location
AUSTRALIA,New South Wales,Bass Point,-34.59593,150.90189,location
USA,Florida,"North end of County Beach, Palm Beach County",26.855119197562,-80.051213097782,location
USA,Florida,"Juno Beach / North Palm Beach, Palm Beach County",26.852719976233,-80.063372572586,location
AUSTRALIA,Queensland,Fingal Beach,-27.523649264392,153.044443348262,location
USA,North Carolina,"Salvo, Dare County",35.540226,-75.473122,location
SOUTH AFRICA,KwaZulu-Natal,La Lucia,-29.7486649,31.0563317,location
USA,Florida,"Satellite  Beach, Brevard County",28.176014,-80.590465,location
USA,California,"Elephant Rock near Tomales Point, Marin County",38.2496,-122.944714,location
AUSTRALIA,South Australia,"Wiseman’s Beach, Peake Bay, Port Lincoln",-34.713444977331,135.838199830583,location
SOUTH AFRICA,Western Cape Province,Struisbaai,-34.73333,20.13333,location
BAHAMAS,Berry Islands,Whale Cay,25.40304,-77.79402,location
USA,California,"Malibu, Los Angeles County",34.035796,-118.691535,location
REUNION,Saint-Philippe,Vicendo,-21.359363341,55.767699106,location
USA,Hawaii,"La'au Point, Moloka'i",21.154117793187,-157.10189199891,location
USA,Hawaii,"Keaukaha, Hilo, Hawai'i",19.72748,-155.04316,location
AUSTRALIA,Western Australia,"Parker's Point, Rottnest Island",-32.023,115.5283,location
PHILIPPINES,Romblon Province,"Maestre de Campo Island, 120 miles south of Manila",12.92638,121.70975,location
SOUTH AFRICA,Western Cape Province,"Miller's Point, False Bay",-34.23028,18.47661,location
AUSTRALIA,Queensland,Tallebudgera,-28.147265253,153.424072748,location
NEW CALEDONIA,Unknown,I'le Ouen,-22.42617,166.80394,location
USA,Louisiana,Scofield - Sandy Point,29.9977,-91.60761,location
AUSTRALIA,New South Wales,"Porpoise Pool, Tweed Heads",-28.179350011,153.535427804,location
USA,Georgia,"Back River, Savannah Beach, Chatham County",31.922992669593,-81.069843039996,location
USA,Hawaii,"Waimanu, Honoka'a, Hawai'i",20.13554,-155.64051,location
SOUTH AFRICA,KwaZulu-Natal,Kosi Bay,-26.9016,32.86682,location
NEW BRITAIN,West coast,"Outside the reef off Moputu Village, near Talasea",57.815634314,-5.670232392,location
PAPUA NEW GUINEA,Gulf Province,"Kukipi, 150 miles west of Port Moresby in the Lakekamu River area",-7.7246,145.08545,location
SOUTH AFRICA,KwaZulu-Natal,"Peace Cottage, Umdhloti",-29.670887,31.1168842,location
SOUTH AFRICA,Western Cape Province,Robbesteen,-33.645,18.40098,location
CROATIA,Primorje-Gorski Kotar County,"Opatija, northwestern coast of Rijeka Bay",45.32693,14.43758,location
USA,California,"Topanga Canyon Beach, Santa Monica Bay",34.002667109962,-118.482431922888,location
MARSHALL ISLANDS,Eniwetok Atoll,Lagoon along Sand Island,11.48918,162.22889,location
PAPUA NEW GUINEA,West New Britain Province,"West Nakanai,  Talasea",-5.66667,149.58333,location
PHILIPPINES,Masbate,Balud,12.0391494,123.1972381,location
USA,Georgia,"Savannah Beach, Savannah, Chatham County",31.982392487654,-81.168944501574,location
CARIBBEAN SEA,PANAMA,"Off Cristobal, 200 miles northeast of the entrance to the Panama Canal",8.9673,-79.5339,location
AUSTRALIA,Torres Strait,"Coconut Island , 100 miles east of Thursday Island",-10.050189012,143.065088991,location
AUSTRALIA,Tasmania,Badger Head,-41.124286348,146.720495146,location
USA,Hawaii,"Near Twin Islands off Lanikai, O'ahu (east coast)",21.388802,-157.714902,location
AUSTRALIA,Victoria,Cowes,-38.472926951,145.240644766,location
PAPUA NEW GUINEA,"New Ireland, Bismarck Archipelago","Kabiman, West coast",-3.258740285,151.891964753,location
ITALY,Teramo,Giulianova,42.7525499,13.9623706,location
SAUDI ARABIA,Eastern Province,East of the Ras Tanura-Jubail area,26.70742,50.06735,location
USA,Texas,Near Port Arthur,29.872307,-93.934199,location
SOUTH AFRICA,Eastern Cape Province,"Off bank of Ntshala River, Morgan Bay",-32.7046,28.34112,location
USA,Texas,"Gulf of Mexico between Brownsville & Carmen, Mexico",43.51285,-76.25104,location
AUSTRALIA,South Australia,Port Newby,-34.917721291935,138.578758812706,location
SCOTLAND,Argyll,"Carradale Bay, Kintyre Peninsula",55.586463689,-5.494438467,location
AUSTRALIA,South Australia,Port Germein,-33.010293438,138.009182767,location
AUSTRALIA,Torres Strait,Off Nepean Island,-10.204054749,142.296162731,location
AUSTRALIA,South Australia,Off Port Broughton,-33.613123184,137.945383564,location
AUSTRALIA,Queensland,Off Bloomfield River,-15.91667,145.36667,location
USA,New Jersey,"10 miles offshore from Sea Isle City, Cape May County",39.153421,-74.692903,location
KIRIBATI,Phoenix Islands,Nikumaroro Island,-4.67327,-174.52486,location
AUSTRALIA,Torres Strait,"Near Barrow Point, Queensland",-9.561435995,142.288520258,location
SOUTH AFRICA,Eastern Cape Province,Hamburg,-33.29042,27.4747,location
USA,Hawaii,"Keawanui, Kamalo, Moloka'i",21.08639,-156.85972,location
PHILIPPINES,Luzon Island,"Fort Frank, Manila Bay",14.5822592,120.9748038,location
USA,Florida,"Sewell’s Point, near Palm Beach",26.606668,-80.121649,location
MOZAMBIQUE,Maputo Province,Lourenco Marques,-25.5,32.33333,location
INDONESIA,Unknown,40 miles from Tahane Island,1.1490822,127.7617229,location
AUSTRALIA,New South Wales,"West Balmain, Sydney",-33.926133599098,150.894944449372,location
CANADA,Nova Scotia,Halifax,44.648881,-63.575312,location
NEW ZEALAND,North Island,Kaipara,-39.0,176.0,location
EGYPT,Unknown,Port Said,31.2571127,32.2953362,location
CUBA,Villa Clara Province,Remedios,22.49502,-79.54548,location
USA,Alabama,Mobile Bay,30.46813,-87.98684,location
USA,Massachusetts,Cape Cod,41.6862,-70.24308,location
NEW CALEDONIA,South Province,"Château-Royal Beach , Noumea",-22.30877,166.44917,location
USA,Hawaii,Anaeho'imalu Bay,19.91499,-155.88874,location
USA,Florida,"Content Keys, Monroe County",24.78903,-81.48481,location
USA,California,"Gray Whale Beach Cove State Beach, San Mateo County",37.564564,-122.514011,location
NEW CALEDONIA,Unknown,I'îot Maître,-22.33375,166.40995,location
USA,California,"Cambria, San Luis Obispo County",35.563969,-121.082718,location
USA,New York,"Atlantique Beach, Fire Island, Suffolk County",40.6395,-73.1732,location
AUSTRALIA,Queensland,Lizard Island,-14.66878,145.46217,location
MALAYSIA,Sepang,Bagan Lalang Beach,2.6052698,101.6879498,location
AUSTRALIA,Westerm Australia,Sam's Creek area,-20.622700846658,117.183480979576,location
BAHAMAS,New Providence District,Rose Island,25.10592,-77.15132,location
REUNION,Unknown,Roches Noire,-21.0532721,55.2287668,location
USA,Florida,Off Jupiter,26.9341448,-80.0997362,location
AUSTRALIA,New South Wales,The Farm,-33.6979556,150.3087928,location
JAPAN,Kochi Prefecture,Irino Beach,33.02381552,133.01005311,location
ECUADOR,Galapagos Islands,"Punta Vicente Roca, Isabella Island",-0.59286,-91.02528,location
USA,California,Off San Diego,32.71576,-117.1638173,location
FRENCH POLYNESIA,Bora Bora,Anau,-16.4914608,-151.7250209,location
AUSTRALIA,New South Wales,"Wategos Beach, Byon Bay",-28.6364,153.6338,location
USA,Alabama,"Katrina Cut, Dauphin Island, Mobile County",30.2552219,-88.1126401,location
AUSTRALIA,Western Australia,Off Dawesville Cut,-32.631482007,115.633989099,location
REUNION,d’Étang-Salé,Ravine Mula,-21.266040602,55.366755393,location
ISRAEL,Southern District,Ashdod,31.7877699,34.6432047,location
USA,Hawaii,Kiholo Bay,19.8500336,-155.9410579,location
USA,California,"Humboldt Bay, Eureka, Humboldt County",40.741892,-124.210936,location
USA,Florida,Key Largo,25.130026,-80.405962,location
USA,California,"Topanga Beach, Los Angeles County",34.040099,-118.57927,location
AUSTRALIA,Western Australia,Cottesloe Beach,-31.9939,115.751,location
SOUTH AFRICA,Western Cape Province,Clovely Beach,-34.12487,18.43276,location
SEYCHELLES,Praslin,Anse Lazio,-4.2937436,55.7025629,location
REUNION,Saint-Gilles-les-Bains,Boucan-Canot,-21.05203,55.22571,location
UNITED KINGDOM,Cornwall,St. Ives,50.211422269,-5.480829146,location
USA,Hawaii,"Lyman Beach, Kailua-Kona",19.647367,-155.99301,location
AUSTRALIA,New South Wales,Mullaway Headland,-30.0771,153.2052,location
UNITED ARAB EMIRATES (UAE),Dubai,"Umm Suqeim Beach, Dubai",25.15491,55.21015,location
SCOTLAND,Fife,Deep Sea World Aquarium,56.009106,-3.3915482,location
USA,Florida,"St. Augustine, St. John's County",29.896004,-81.316709,location
BRAZIL,Unknown,Praia do Olho d'Aqua,-25.6419,-48.4303,location
AUSTRALIA,New South Wales,"Long Reef, north of Sydney",-34.025018379201,150.782147039617,location
USA,Florida,Sarasota Bay,27.38771,-82.60547,location
BAHAMAS,Abaco Islands,Allan-Pensacola Cay,26.97519,-77.66833,location
YEMEN,Muhafazat Hadramawt,Ras-Alkalb,14.04444,48.66778,location
USA,Florida,100 miles off Ft. Myers Beach,26.452409,-81.953765,location
USA,North Carolina,Onslow Beach,34.5706121,-77.2687424,location
BRAZIL,Pernambuco,Body recovered at Goiana,-7.5584697,-34.9984537,location
AUSTRALIA,Western Australia,"Scarborough Beach, Perth",-31.92328,115.84889,location
VENEZUELA,Unknown,Punta Caracas,10.62919,-66.57352,location
JAPAN,Wakayama Prefecture,Susami,33.55720268,135.50114175,location
AUSTRALIA,Western Australia,5 nm off Cervantes,-30.503492695,115.063978953,location
EGYPT,Sinai Peninsula,"Sha’ab Mahmud, Ras Mohamed Park",30.870486003179,30.841800793282,location
BAHAMAS,Abaco Islands,Bakers Bay,26.46504,-77.13432,location
MICRONESIA,Caroline Islands,"Pision Reef, Truk",7.2099,147.94189,location
USA,Florida,"Ten Thousand Islands National Wildlife Refuge, Collier County",26.1989592,-81.3462024,location
AUSTRALIA,New South Wales,"Bar Beach, Newcastle",-32.937503622,151.769436693,location
USA,Florida,"2 miles off Pompano Beach, Broward County",26.344906756573,-80.29773375475,location
UNITED KINGDOM,Cheshire,"Blue Planet Aquarium, Ellesmere Port",53.2620445,-2.8870284,location
USA,Florida,"Taverniier, Monroe County",25.0141106,-80.5119452,location
AUSTRALIA,South Australia,"3 km off Port Victoria, Yorke Peninsula",-34.492896627,137.49110534,location
USA,Florida,"27th Avenue, New Smyrna Beach, Volusia County",29.008479614155,-80.880512547495,location
USA,Florida,"On the south side of Ponce Inlet, Volusia County",29.106259401471,-80.972937839559,location
ITALY,Adriatic Sea,San Benedetto,42.895629099975,13.896278818843,location
USA,Florida,"The Rocks, Hutchinson Island, Martin County",27.286106,-80.223526,location
AUSTRALIA,South Australia,South Neptune Island,-35.32901,136.11108,location
AUSTRALIA,South Australia,Cactus Beach,-32.01182,132.98769,location
USA,Hawaii,"Horners, Wailua, Kaua'i",22.057657,-159.339773,location
USA,California,"Monastery Beach, Carmel Bay, Monterey County",36.5236,-121.9267,location
AUSTRALIA,New South Wales,Shoalhaven,-34.974056144,150.580736856,location
SPAIN,Catalonia,Lloret-de-Mar,41.6987611,2.8475589,location
USA,California,"Point Conception, Santa Barbara County",34.4484,-120.47197,location
USA,California,"Point Buchon, San Luis Obispo County",35.25525,-120.89907,location
SOUTH AFRICA,Eastern Cape Province,Ntlonyana Bay,-32.10626,28.81086,location
SOUTH AFRICA,Western Cape Province,"Hangklip, False Bay",-34.17286,18.66443,location
SOUTH AFRICA,KwaZulu-Natal,"Fishing camp, St. Lucia Estuary",-28.3951863,32.4080973,location
USA,California,"Newport Beach, Orange County",33.608767,-117.873357,location
SOUTH AFRICA,Western Cape Province,"Macassar, False Bay",-34.06405,18.76334,location
SOUTH AFRICA,KwaZulu-Natal,Scottburgh,-30.28666,30.75316,location
AUSTRALIA,Queensland,"Stevens Reef, 70 miles from Mackay",-21.384207609267,149.099257944159,location
KENYA,Coast Province,Watamu,-3.3524945,40.0155608,location
MEXICO,Guerrero,"Copacabana Beach, Acapulco",16.8509,-99.8553,location
USA,Florida,Manatee County,27.47750411267,-82.357542644351,location
SOUTH AFRICA,KwaZulu-Natal,Port St. John's,-28.11354,30.60904,location
PAPUA NEW GUINEA,Morobe Province,Finschafen,-6.55793,147.84635,location
COSTA RICA,Limón Province,Parismina,10.19702,-83.64827,location
PAPUA NEW GUINEA,New Ireland Province,Lambom Island,-4.79506,152.84635,location
AUSTRALIA,New South Wales,Trial Bay,-30.8818,153.05119,location
AUSTRALIA,Queensland,"Broomfield Island, 11 miles from Heron Island on the Great Barrier Reef",-26.646735231,150.189307557,location
INDONESIA,North Sumatra,Near Belawan,3.7755,98.6832,location
VANUATU,Malampa Province,Island of Paam'a,-16.46012,168.23832,location
SOUTH AFRICA,KwaZulu-Natal,Island Rock,-27.27751,32.77682,location
FIJI,Vita Levu,Rewa River,-18.14052,178.52376,location
USA,California,"12' tank at Steinhart Aquarium, San Francisco",37.76959,-122.46632,location
PAPUA NEW GUINEA,Sandaun Province,Vanimo  on Musu side of Wutong anchorage,-2.61192,141.0088,location
FIJI,"19S, 178?E","Wotua Beach, 70 miles from Suva",-18.1433693,178.4371712,location
COLUMBIA,Roncador Bank,"Roncador Bank, 135 nm north of San Andres",12.54793,-81.71665,location
USA,Texas,30 miles east of Corpus Christi,27.691023818999,-97.264082082524,location
PANAMA,San Blas Islands,Off Diable Island,9.57003,-78.81999,location
PAPUA NEW GUINEA,Rigo subdistrict,Kaparoka,-10.01086,147.70294,location
JAPAN,Okayama Prefecture,Ushimado,34.643240355,134.135576004,location
TURKEY,Mersin Province,Off Mezitli,36.74541,34.52256,location
AUSTRALIA,New South Wales,Thirroul,-34.316121672,150.919750851,location
PHILIPPINES,Mindanao,"Mouth of Langoyan River, Davao City",7.47889,126.59861,location
USA,Florida,"Miami Seaquarium, Virginia Key, Miami, Miami-Dade County",25.7465861,-80.1515972,location
SOUTH AFRICA,Western Cape Province,"Glencairn, False Bay",-34.15591,18.41995,location
COSTA RICA,Unknown,San Juan River,9.96196,-84.0781,location
JAPAN,Okayama Prefecture,Usimado-no-Seto,35.04581815,134.23558014,location
MEXICO,Colima,Manzanillo,19.110437392,-104.326197864,location
PAPUA NEW GUINEA,"Admiralty Islands, Manus Province",Manus Island,-2.24338,147.40859,location
AUSTRALIA,Victoria,Seaholme,-37.864340228,144.843543131,location
NORTH PACIFIC OCEAN,Between Kwajalein Atoll & Johnston Island,500 nautical miles southwest of Johnston Island,40.242529,-74.032533,location
TURKEY,Adana Province,Yumurtalik,36.78245,35.79949,location
SENEGAL,Unknown,"Tiaroye, near Dakar, Cap Vert Peninsula",14.7425,-17.37944,location
AUSTRALIA,New South Wales,"Oatley Bay near Como, George’s River",-33.98004,151.07201,location
SOUTH AFRICA,Eastern Cape Province,Kidd's Beach,-33.15183,27.69822,location
FIJI,Viti Levu,Singatoka River,-18.1745,177.52004,location
AUSTRALIA,Torres Strait,"Mabuiag Island, between New Guinea & Australia",-9.561435995,142.288520258,location
AUSTRALIA,Victoria,150 yards from the pier at Lorne,-37.714880778321,144.965128826427,location
USA,North Carolina,"Brown’s Inlet on New River, Onslow Beach",34.59544,-77.23079,location
USA,New Jersey,50 miles offshore,40.891118999986,-74.124180979153,location
AUSTRALIA,Queensland,"Strand Beach, Kissing Point, Townsville",-19.2495013,146.809185,location
AUSTRALIA,Torres Strait,Near Warrior Reefs,-9.561435995,142.288520258,location
JAMAICA,Kingston Parish,"East Beach, Kingston",17.99702,-76.79358,location
AUSTRALIA,Queensland,"Yeppoon, near Ross Creek",-26.099179552,152.746494796,location
CUBA,Havana Province,"LaPlaya Beach / Vedado, Havana",23.13302,-82.38304,location
AUSTRALIA,New South Wales,"Grey’s Point, Port Hacking",-34.08333,151.16667,location
AUSTRALIA,New South Wales,Bellinger Head,-33.210262566819,151.505473460617,location
AUSTRALIA,Queensland,Brible Island,-26.95056,153.12418,location
MEXICO,Unknown,Santa Maria Bar,17.06542,-96.72365,location
SOUTH AFRICA,South Atlantic Ocean,Possession Island,-33.567488716966,18.484153781906,location
HAITI,Tiburon Peninsula,Aux Cayes (now Les Cayes),18.19199,-73.74948,location
USA,Hawaii,"Pepe'ekeo, Honomu, Hawai'i",19.83361,-155.10722,location
NEW ZEALAND,North Island,Mototapu Island,-36.7754941,174.8980005,location
PHILIPPINES,Western Viscayas,"Island of Panay, Iliolo",11.14992,122.48221,location
SOUTH AFRICA,Western Cape Province,"Woodstock Beach, Cape Town",-33.93156,18.4448,location
USA,Rhode Island,Coddington Cove,41.52344,-71.31616,location
USA,Hawaii,"Waikiki Beach, Oahu",21.281235,-157.83783,location
NEW ZEALAND,South Island,Hoiktika,-42.7211217,170.9730206,location
AUSTRALIA,Western Australia,Esperance,-33.864058322,121.889971273,location
USA,North Carolina,"New Bern, Craven County",35.1083707,-77.0460315,location
MALTA,Munxar Reef,Marsascala,35.856735344291,14.565075766637,location
FRANCE,Côte d'Azur,Between Nice & Villefranche,46.78788,5.61617,location
SPAIN,Valencia,Castellon de la Plana,39.9860398,-0.0360705,location
AUSTRALIA,New South Wales,Near Sydney,-33.868719387,151.206957214,location
TUVALU,Unknown,Between Nanumea & Nanumaga Atolls,-5.6833212,176.1241852,location
AUSTRALIA,Tasmania,George Town Cove,-41.399509815498,147.1292358012,location
AUSTRALIA,Tasmania,Hobart,-42.883401157,147.329438724,location
USA,Hawaii,"Kualoa, Oahu",21.52194,-157.84417,location
USA,California,"Otter Point, Pacific Grove",36.632058,-121.922852,location
JAPAN,Okinawa,Nago,26.59158752,127.97743737,location
USA,Florida,"Lake Worth Beach, Palm Beach County",26.6098591,-80.0585681,location
COLUMBIA,Isla De San Andres,La Piscinita,12.51901,-81.71785,location
AUSTRALIA,New South Wales,Crowdy Baay,-31.78832647,152.730636598,location
USA,Hawaii,Honolua Bay,21.01449,-156.63955,location
AUSTRALIA,Victoria,"Southside Beach, near Geelong",-38.1573,144.34495,location
ISRAEL,Unknown,Haifa,32.817285,34.988765,location
NEW CALEDONIA,Noumea,Port South Marina,-22.2628044,166.4446442,location
USA,North Carolina,"Atlantic Beach, Carteret  County",34.701134,-76.740173,location
USA,Texas,"Crystal Beach, Galveston  County",29.455651,-94.643248,location
AUSTRALIA,Westerm Australia,Dugong Bay,-16.39499,123.8721,location
AUSTRALIA,Western Australia,"Cobblestones, Margaret River Area",-33.960483769,115.035947541,location
AUSTRALIA,New South Wales,Iluka Beach,-29.4205488,153.3625187,location
USA,South Carolina,"DeBordieu Colony, Georgetown County",33.368223,-79.170601,location
AUSTRALIA,Western Australia,Trigg Beach,-31.877937,115.75177,location
AUSTRALIA,Victoria,Bells Beach,-38.363627546,144.274343023,location
USA,Florida,"Vero Beach, St. Lucie County",27.638883,-80.38908,location
AUSTRALIA,Tasmania,Nettley Bay,-40.92813,144.61244,location
USA,Hawaii,"Hanalei Bay, Kauai,",22.20889,-159.50709,location
USA,California,"El Pescador Beach, Los Angeles County",34.040330777847,-118.89204057495,location
GREECE,Unknown,33 nautical miles off Othonoi Island,37.2604963,24.598761,location
USA,Hawaii,"Airplane Beach, Lahina, West Maui",20.86774,-156.61706,location
AUSTRALIA,Queensland,Nerang River near Chevron Island,-27.99694,153.42,location
SOUTH AFRICA,Eastern Cape Province,Port St. John's,-31.62291,29.54477,location
USA,Hawaii,"Makena Landing, Maui",20.6539039,-156.4411031,location
SCOTLAND,Inner Hebrides,Off the Isle of Islay,56.667265224,-6.278532964,location
AUSTRALIA,Queensland,Peregian,-27.181553443513,152.942119442365,location
USA,Oregon,Seaside,45.9930976,-123.920633,location
USA,North Carolina,"Kure Beach, New Hanover County",33.998255,-77.906651,location
EGYPT,South Sinai Peninsula,Sharm-el-Sheikh,27.9158248,34.3262398,location
USA,Hawaii,"Tavares Bay, Maui",20.86774,-156.61706,location
AUSTRALIA,Western Australia,Wedge Island,-30.82099929,115.206025539,location
SOUTH AFRICA,Eastern Province,"Nahoon, East London",-33.01529,27.91162,location
AUSTRALIA,South Australia,Second Valley,-35.518328556,138.22038506,location
USA,California,"Terramar Beach, Carlsbad, San Diego County",33.1281,-117.3337,location
USA,Hawaii,Kawa'a,22.07521,-159.31895,location
AUSTRALIA,Western Australia,"The Natural Jetty, Rottnest Island",-32.007488242,115.520328532,location
AUSTRALIA,New South Wales,"Windang,       Lake Illawara",-34.535356358552,150.867383809682,location
EGYPT,Red Sea,Elphinstone Reef,25.3,34.83333,location
AUSTRALIA,Queensland,"Duranbah, Greenmount Beach",-28.1662,153.5426,location
USA,South Carolina,Garden City,33.588114,-79.026634,location
USA,Virginia,"Virginia Aquarium & Marine Science Center, Virginia Beach",36.8204192,-75.9837234,location
AUSTRALIA,Western Australia,"Warra Beach, Coral Bay",-23.143568033,113.772903449,location
USA,California,"Ocean Beach, San Francisco, San Francisco County",37.75939,-122.51073,location
SOUTH AFRICA,Western Cape Province,Uilenkraalsmond (near Gansbaai),-34.6033874,19.4088206,location
AUSTRALIA,South Australia,"Fishery Bay, Eyre Peninsula",-34.876120629373,135.673074222285,location
Seychelles,Inner Islands,Off North Island,-4.35833,55.8375,location
USA,North Carolina,"Carolina Beach, New Hanover County",34.034278,-77.893974,location
USA,Hawaii,"Kahana Beach, Maui",20.9448962,-156.6921331,location
AUSTRALIA,New South Wales,"Seal Rocks, north of Newcastle",-32.926904294,151.772937438,location
USA,Florida,"Stuart Park Beach, Martin County",27.211719279555,-80.261725176396,location
AUSTRALIA,Queensland,Burleigh Lake on the Gold Coast,-27.947074005459,153.349156102395,location
AUSTRALIA,Queensland,Miami Lake,-28.07695,153.43666,location
USA,Hawaii,"Kama'ole Beach Park I, Kihei, Maui",20.7222,-156.4479,location
USA,Florida,"Ponce De Leon Inlet, Volusia County",29.07248,-80.91866,location
PAPUA NEW GUINEA,Milne Bay Province,Tewatewa Island,-10.55262,150.31494,location
USA,Hawaii,Olowalu,20.81136,-156.622548,location
USA,North Carolina,"Oceanic Pier, Wrightsville Beach, New Hanover County",34.208308494831,-77.794801484616,location
SOUTH AFRICA,Eastern Cape Province,"Cintsa East, East London",-33.01529,27.91162,location
USA,Hawaii,"Kealia Beach, Kaua'i",22.0992389,-159.3046177,location
SOUTH AFRICA,Eastern Cape Province,Jeffreys Bay,-34.04526,24.92146,location
AUSTRALIA,Queensland,"Whitehaven Beach, Whitsundays Island",-20.28111,149.03778,location
AUSTRALIA,Queensland,Coolum Beach,-26.530979878,153.087248772,location
OKINAWA,Miyako,Hirara City,24.78970672,125.29476189,location
USA,Oregon,"Short Sand Beach, Oswald West State Park",45.763087630759,-123.957192462811,location
CHILE,Unknown,300 miles east of Easter Island,-30.0,-71.0,location
HONG KONG,New Territories,Silverstrand,22.3207991,114.2717802,location
SOUTH AFRICA,KwaZulu-Natal,Isipingo,-29.9878555,30.9169274,location
USA,Virginia,"Croatan Beach, Virginia Beach,",36.82798,-75.96864,location
AUSTRALIA,Western Australia,Near Broome in Roebuck Bay,-17.862594255671,122.420006108612,location
USA,North Carolina,"Ocracoke, Hyde County",35.1146786,-75.9839322,location
USA,Florida,"Paradise Beach Park, Brevard County",28.122541,-80.57715,location
AUSTRALIA,Western Australia,18 km west of Bunbury,-33.351019999641,115.630799976937,location
USA,Florida,Volusia County,29.063464338553,-81.148522163141,location
INDONESIA,Unknown,Bali,-6.23585,106.51882,location
BAHAMAS,Unknown,Carter Cay,27.06757,-78.03104,location
USA,Florida,Gulf Island National Seashore Park,30.364435,-86.9672641,location
USA,Florida,Carter Cay,27.737070981349,-81.400572817384,location
SOUTH AFRICA,Western Cape Province,Seal Island,-34.13737,18.58264,location
USA,Florida,"South of Neptune Beach, Duval County",30.31367065133,-81.396978285225,location
SOUTH AFRICA,Western Cape Province,"Seal Island, False Bay",-34.13737,18.58264,location
SOUTH AFRICA,Eastern Cape Province,Qolera River,-32.62922,28.4319,location
USA,Florida,"Delray Beach, Palm Beach County",26.4616338,-80.0731071,location
SOUTH AFRICA,Western Cape Province,40 km off Cape Point,-34.35717,18.49752,location
USA,California,"Point Sur, Monterey County",36.30481,-121.90098,location
AUSTRALIA,Queensland,Pancake Creek,-24.01667,151.73333,location
USA,California,"Sea Ranch, Sonoma County",38.725986,-123.465751,location
NEW ZEALAND,North Island,"Pilot Bay, Mt Maunganui",-37.639547,176.181343,location
PHILIPPINES,Rombion Province,Off Sibuyan Island,12.44163,122.57101,location
ITALY,Sicily,Stretto di Messina,38.24681,15.6411,location
NEW ZEALAND,South Island,St. Kilda Beach,-45.9084463,170.5138809,location
SOUTH AFRICA,Western Cape Province,Whittle Rock False Bay,-34.25,18.55,location
AUSTRALIA,Victoria,Lady Julia Percy Island,-38.41733,142.00099,location
PANAMA,San Blas coast,"4 miles from Tuwala, near Mulatuppu",9.25,-78.25,location
USA,California,"8 miles off Newport Beach, Orange County",33.608767,-117.873357,location
AUSTRALIA,South Australia,Cowell,-33.703143217,136.849124111,location
USA,Florida,Palm Beach County,26.647569939974,-80.436519379042,location
AUSTRALIA,Northern Territory,"Stokes Hill Wharf, Darwin",-12.4706,130.849,location
BERMUDA,Paget,Elbow Beach /  Coral Beach,32.272683,-64.7774184,location
AUSTRALIA,Queensland,"Surfer's Paradise, Northcliffe",-28.0100172,153.429508,location
CROATIA,Istria,Pula,44.86833,13.84806,location
AUSTRALIA,Tasmania,"Whale Bay, King Island, Bass Strait",-39.81783,146.06529,location
USA,North Carolina,"Salter Path, Atlantic Beach, Carteret County",34.692197232868,-76.8463394667,location
USA,Florida,"Miami, Miami-Dade County",25.775084,-80.194702,location
AUSTRALIA,Torres Strait,Palm Island,-10.204054749,142.296162731,location
PAPUA NEW GUINEA,"Admiralty Islands, Manus Province","Low Island, Manus",-2.24338,147.40859,location
AUSTRALIA,Queensland,"Tully, North Queensland",-17.9337314,145.925833,location
PAPUA NEW GUINEA,"Admiralty Islands, Manus Province","Lou Island, south of Manus Island",-2.24338,147.40859,location
AUSTRALIA,New South Wales,"Wyargine Point, Edwards Beach, Balmoral Beach, Sydney",-33.868719387,151.206957214,location
AUSTRALIA,Torres Strait,"Darnley Island, Torres Strait",-10.204054749,142.296162731,location
USA,New Jersey,"Barnegat Light, Ocean County",39.757639,-74.106409,location
SUDAN?,Red Sea,Southern part,19.608449901764,35.72375431942,location
AUSTRALIA,Tasmania,Wynyard,-41.00241945,145.704425144,location
SUDAN,Red Sea State,"Suakin Harbor, Suakin Island",19.11127,37.3371,location
AUSTRALIA,Queensland,Fitzroy River near Rockhampton,-23.39327,150.53304,location
ITALY,Taranto,Torre Colimena,40.2998779,17.7431447,location
ITALY,Naples Province,"Torre del Greco, Naples",40.78931,14.36806,location
AUSTRALIA,Northern Territory,Goulburn Island,-11.55839,133.45189,location
SOUTH AFRICA,Eastern Cape Province,Off Port Elizabeth breakwater,-33.96109,25.61494,location
CHINA,Unknown,Between Tientsin & Hong Kong,39.14222,117.17667,location
AUSTRALIA,New South Wales,"Mark’s Point, Swan Bay, Lake Macquarie",-33.05645,151.64955,location
PACIFIC OCEAN,Near the Fiji Islands,22º08'S  : 178º06'W,40.242529,-74.032533,location
AUSTRALIA,Northern Territory,Elcho Island,-11.9592,135.74271,location
PAPUA NEW GUINEA,Northern (Oro) Province,"Dobu Passage,  D'Entrecasteaux Islands (between Normanby & Fergusson Islands)",-9.0,148.5,location
USA,South Carolina,"Pawley’s Island, north of Charleston",32.802207771527,-79.875535410051,location
Unknown,French Southern Territories,Île Saint-Paul,-38.71667,77.51667,location
MEXICO,Vera Cruz,Outside Vera Cruz Harbor,19.186026907,-96.157282698,location
AUSTRALIA,Torres Strait,200 miles from MacKay,-21.394306639264,149.095700814589,location
AUSTRALIA,Western Australia,Port Hedland,-20.310004336,118.603394243,location
AUSTRALIA,Queensland,Magnetic Island,-19.15514,146.8485,location
AUSTRALIA,Queensland,"Middleton Reef, 300 nm from Brisbane",-27.517404565526,153.23746039268,location
NICARAGUA,Rio San Juan,Greytown,10.94684,-83.73467,location
USA,Florida,"St. John's River, Jacksonville, Duval County",30.40053,-81.40045,location
MARTINIQUE,Unknown,Fort de France,14.607088265,-61.069497777,location
ITALY,Unknown,Trieste,45.6535974,13.7785154,location
SOUTH AFRICA,Western Cape Province,Groot River,-32.91667,22.25,location
USA,New York,Jamaica Bay,40.60399,-73.83541,location
AUSTRALIA,New South Wales,"Balmain, Sydney (Estuary)",-33.858526757,151.178917209,location
AUSTRALIA,Victoria,Boarding School Bay,-37.022844268209,147.246563875055,location
LEBANON,Mount Lebanon,Batroun,33.917684,35.586918,location
AUSTRALIA,Queensland,Maryborough,-25.527260442,152.693462203,location
USA,Maryland,Chester River,39.039,-76.2719,location
AUSTRALIA,South Australia,Semaphore,-34.839443725,138.483840196,location
TOBAGO,Unknown,Rocky Bay,11.17551,-60.73856,location
AUSTRALIA,Western Australia,"Hamelin Harbour, at Faure Island",-35.02305735069,117.908107305179,location
SOUTH AFRICA,Eastern Cape Province,Chinta East,-32.0,26.0,location
USA,Florida,Off Boca Raton. Palm Beach County,26.350568,-80.0899135,location
AUSTRALIA,Western Australia,Delta Island,-20.44257,115.548,location
AUSTRALIA,Victoria,"Nun's Beach, Portland",-38.347127084,141.604485475,location
AUSTRALIA,Western Australia,Yallingup,-33.661909584,115.044331916,location
MEXICO,Sonora,Yavaros,26.705297243,-109.521533881,location
SOUTH AFRICA,KwaZulu-Natal,"Off Beachbums, Tongaat",-29.576924219117,31.100489035144,location
AUSTRALIA,Western Australia,Five Fingers Reef,-30.48278,115.01833,location
USA,Hawaii,"Kanaha Beach Park, Maui",20.8970291,-156.4605383,location
USA,Hawaii,"Waiokapua Bay, Kaui",22.00553,-159.77687,location
USA,Bahamas,Spanish Cay,26.93361,-77.55015,location
BAHAMAS,Exumas,"Pig Beach, Pig Island",24.25,-76.5,location
USA,Hawaii,"Davidsons Beach, Kauai",21.9642,-159.7089,location
MEXICO,Baja,Magdalena Bay,24.63578,-111.97334,location
FIJI,Unknown,reef 40km east Vanua Levu,-19.1543,178.08988,location
USA,Florida,"Amelia Island, Nassau County",30.60774,-81.46009,location
USA,North Carolina,"Bald Head Island, Brunswick County",33.8750184,-78.0015555,location
COLOMBIA,San Andres and Providencia Archipelago,Provencia,13.0,-81.5,location
USA,Florida,"Lantana Beach, Palm Beach County",26.589469982725,-80.139338171803,location
MEXICO,Baja California Sur,"Los Arbolitos, Cabo Pulmo",23.502882345595,-109.480115210871,location
AUSTRALIA,Western Australia,Mauds Point,-23.1,113.75,location
AUSTRALIA,Western Australia,"Falcon Bay Beach, Mandurah",-32.58244,115.66199,location
AUSTRALIA,Western Australia,"Falcon Beach, Mandurah",-32.58244,115.66199,location
USA,Florida,"St. Petersburg, Pinellas County",27.77086,-82.67927,location
BRAZIL,Balneário Camboriú,Estaleirinho beach,-27.04833,-48.5875,location
MOZAMBIQUE,Inhambane Province,Maxixe,-23.85972,35.34722,location
AUSTRALIA,New South Wales,Hallidays Point,-32.073369849,152.49274312,location
USA,Florida,"Windsor Beach, Indian River County",27.788649831934,-80.41580966394,location
USA,Hawaii,"North Kohala, Hawaii County",20.13195,-155.79389,location
USA,California,"Manresa State Beach, Santa Cruz County",36.9097687,-121.8481123,location
USA,Florida,"Juan Ponce de León Landing, Melbourne Beach, Brevard County",28.010853,-80.53041,location
AUSTRALIA,New South Wales,South Narrabeen Beach,-33.7228902,151.2990401,location
USA,Hawaii,"Pila'a Beach, Kaua'i",22.2080512,-159.3744743,location
MEXICO,Sinaloa,Nuevo Altata,24.825583898847,-107.432814574536,location
ITALY,Sardinia,Muravera,39.420247,9.5743829,location
MEXICO,Guerrero,"Boca de la Leña, La Unión",18.0049,-101.98163,location
USA,Oregon,"Lincoln City, Lincoln County",44.973855,-124.0134339,location
REUNION,Bois-Blanc,Sainte-Rose,-21.127674183,55.793279252,location
USA,California,"Marina State Beach, Monterey County",36.6827412,-121.8137843,location
USA,Florida,"Santa Maria Island, Manatee County",27.462166597969,-82.660453417369,location
USA,Florida,"Off Jupiter Inlet, Palm Beach County",26.94895,-80.07476,location
MALAYSIA,Kedah,Palau Payar,6.05,100.03333,location
MEXICO,Colima,Revillagigedo Islands,19.134363757881,-104.337781258286,location
AUSTRALIA,Western Australia,Native Dog Beach,-34.4501,119.356,location
USA,California,"Davenport, Santa Cruz County",37.010602,-122.193818,location
AUSTRALIA,New South Wales,Cellito Beach,-32.3789,152.5295,location
USA,Florida,"Santa Rosa Beach, Walton County",30.373867,-86.229046,location
USA,Hawaii,"McKenzie Beach Park in Pahoa, Hawai'i",19.4915226,-154.9408077,location
USA,Florida,"1.4 miles south of Ponce de Leon Jetty, New Smyrna Beach, Volusia County",29.029722,-80.9237495,location
USA,Florida,"Beachway Avenue Approach, New Smyrna Beach, Volusia County",29.051318122957,-80.904049225071,location
USA,South Carolina,"Lakewood Campground, Grand Strand, Horry County",33.63211,-78.94892,location
USA,Florida,"Off Key Largo, Monroe County",25.130026,-80.405962,location
BAHAMAS,Andros Islands,Mangrove Cay,26.25599,-77.57813,location
TONGA,Vava'u,Tu’anuku,-18.6639059,-174.0309172,location
USA,Florida,"Boca Grande, Lee County",26.749137,-82.261949,location
NEW ZEALAND,Cook Islands,Beveridge Reef,-42.287233564,172.3434325,location
USA,Hawaii,"Kewalo Basin Channel, O'ahu",21.29279,-157.85695,location
USA,Florida,"Bethune Beach, south of New Smyrna Beach, Volusia County",29.1733425,-80.9800404,location
AUSTRALIA,South Australia,Cactus Beach near Penong,-32.01182,132.98769,location
OKINAWA,Miyako Island,Sunayama Beach,24.83918342,125.280101433,location
USA,Florida,"Fort Pierce Inlet, St Lucie County",27.47019,-80.29106,location
USA,Florida,"Daytona  Beach, Volusia County",29.2070854,-81.0207257,location
USA,Florida,"Hobe Sound Beach, Palm Beach County",27.06638,-80.11581,location
USA,Hawaii,"Quarter mile offshore in Kaanapali, West Maui",20.86774,-156.61706,location
NEW CALEDONIA,Unknown,Île de Sable,-19.23333,163.8,location
VANUATU,Tafea Province,Aniwa Island,-19.24049,169.60402,location
USA,Florida,"Spessard Holland Park, Melbourne Beach, Brevard County",28.049195,-80.548583,location
MEXICO,Mexico / Caribbean Sea,Isla Mujeres,21.1925972,-86.8062863,location
USA,Florida,"John Pennekamp Marine Park, Monroe County",25.010958581531,-80.51708133251,location
HONG KONG,Unknown,"Basalt Island, 9km from Silverstrand",22.315464455,114.365771424,location
USA,Florida,"South of Ponce Inlet, New Smyrna Beach, Volusia County",29.046454878549,-80.936944644097,location
USA,Florida,"Spanish River Park Beach, Palm Beach County",26.38417,-80.06892,location
AUSTRALIA,Victoria,"Surfers Point, Phillip Island",-38.48349,145.23102,location
USA,California,"Davenport Light, San Mateo County",37.436318254115,-122.355531310241,location
USA,California,"Tunitas Beach, San Mateo County",37.3577,-122.4,location
BAHAMAS,Florida Straits,Off Cay Sal  Banks,28.75054,-82.5001,location
USA,North Carolina,"Masonboro Inlet, New Hanover County",34.18489,-77.8122,location
SOUTH AFRICA,KwaZulu-Natal,Garvies Beach,-29.9126,31.0313,location
NEW ZEALAND,South Island,Christchurch,-43.452358239124,172.704750289014,location
USA,Florida,"Riviera Beach, Palm Beach County",26.7834459,-80.0547546,location
USA,California,"Off San Clemente Island, Los Angeles County",32.90004,-118.50091,location
PHILIPPINES,Unknown,250 miles southwest of Manila,14.5822592,120.9748038,location
HONG KONG,Unknown,Mirs Bay,22.52884,114.38891,location
NEW CALEDONIA,North Province,Balade,-21.05,164.9,location
NEW CALEDONIA,Grand Terre,"Five Mile Beach, I'le Ouen",-21.307791316,165.701841842,location
VANUATU,Malampa Province,"Ranon, Ambryn",-16.15,168.11667,location
USA,Florida,"12 miles northeast of Mayport,  Duval County",30.3927094,-81.4310423,location
SOUTH AFRICA,Western Cape Province,"Lappiesbaai Beach, Stilbaai",-34.37115,21.43337,location
AUSTRALIA,Queensland,Caloundra,-26.804419907,153.1313133,location
USA,California,"North Farallon Island, Farallon Islands",37.74251,-123.0591,location
USA,Hawaii,"Kalama Beach, Kihei, Maui",20.73472,-156.45583,location
PALAU,Western Caroline Islands (North Pacific Ocean),Outside barrier reef,7.421479662,134.511600068,location
USA,Florida,"St. Petersburg, Pinnellas County",27.77086,-82.67927,location
USA,Florida,"Egmont Key, Hillsborough County",27.59289,-82.76183,location
COLUMBIA,Magdalena Department,"Makuaka Caño, Taganga",11.26766,-74.18995,location
PAPUA NEW GUINEA,New Britain,"Barawon Beach, near Rabaul",-4.1948704,152.1686478,location
AUSTRALIA,New South Wales,Bellingen,-30.453426268,152.899846269,location
USA,Florida,"Pompano Beach, Palm Beach County",26.943563988467,-80.100583563797,location
PAPUA NEW GUINEA,New Ireland Province,A reef off New Hanover (Northern end),-3.0,151.5,location
NEW ZEALAND,North Island,"West of Pukerua Bay, Wellington",-41.046304981335,174.880193126963,location
USA,Florida,"Snapper Point Jetty, Miami, Dade County",25.635401320374,-80.296869431818,location
SOUTH AFRICA,KwaZulu-Natal,Paradise Reef,-27.7638743,29.9475363,location
USA,California,2 miles off Santa Catalina Island,33.38336,-118.41758,location
PAPUA NEW GUINEA,Northern District,Kufulu Point,-9.0,148.5,location
AUSTRALIA,Queensland,Nobbys Beach,-28.0607735,153.4413733,location
NEW ZEALAND,South Island,"Fairdown Beach, 5 miles north of Westport",-41.751286649806,171.671105995814,location
MARSHALL ISLANDS,Kwajalein Atoll,Roi-namur Island,9.39678,167.47657,location
AUSTRALIA,Queensland,"Lambert's Beach, Mackay",-21.0744,149.2283,location
AUSTRALIA,South Australia,Aldinga Beach,-35.279834872,138.447005763,location
MOZAMBIQUE,Limpopo River,190 km to 240 km from the sea,-18.25,35.0,location
NEW ZEALAND,North Island,"Mangawhai, near Wellsford",-36.231099211372,174.536278429593,location
AUSTRALIA,New South Wales,Near Bondi Beach,-33.889387797,151.272464529,location
AUSTRALIA,Tasmania,Eaglehawk Neck,-42.999879064,147.937334999,location
NEW ZEALAND,North Island,Moko Hinau,-37.7912,176.3489,location
PHILIPPINES,Leyte Island,Luang Dulag,10.9713456,125.0357508,location
USA,California,"Off La Jolla Cove, San Diego County",32.84814,-117.27448,location
PAPUA NEW GUINEA,"New Ireland Province, Bismarck Archipelago","Maritzoan, east coast of Namatanai",-4.33333,152.83333,location
PAPUA NEW GUINEA,West New Britain Province,"Bulu, Talasea",-5.66667,149.58333,location
ITALY,Tyrrenian Sea,1.5 miles south of  San Felice Circeo,41.235625,13.096259,location
AUSTRALIA,Queensland,Near Southport,-27.970642311,153.408123774,location
NORTH PACIFIC OCEAN,1000 miles west of Hawaii,Between Wake & Johnston Islands,40.242529,-74.032533,location
SOUTH AFRICA,KwaZulu-Natal,A ford known as Brodies Coffin in St. Lucia Bay,-28.377586376082,32.413332481892,location
USA,Louisiana,Pontchartrain Beach,30.033257,-90.062016,location
AUSTRALIA,South Australia,Largs Bay,-34.827231069,138.491984145,location
MOZAMBIQUE,Bay of Maputu,Catembe,-26.00295,32.55738,location
USA,Hawaii,"Kapehu Beach, Laupahoehoe, Hawai'i",19.959680072369,-155.213428362419,location
AUSTRALIA,Queensland,Yorkey’s Knob Beach near Cairns,-16.80889,145.7261,location
AUSTRALIA,Queensland,"King’s Beach, Caloundra",-26.80074,153.14466,location
SENEGAL,Cap Vert Peninsula,Between Joal & Sangomar near Dakar,-34.015802826793,18.701156215835,location
CUBA,Havana Province,Cojimar,23.16481,-82.30116,location
USA,New York,15 miles south of Jones Inlet,43.751046,-74.794286,location
AUSTRALIA,Queensland,Double Island Beach,-25.912030480389,153.093976317572,location
BAHAMAS,Andros Islands,Blue Hole,23.28112,-75.11528,location
USA,North Carolina,Off Cape Hatteraa,35.23388,-75.53641,location
ITALY,Liguria,Borgeo Verezzi,44.1582041,8.3093111,location
AUSTRALIA,New South Wales,"Lake Conjola, near Milton",-35.269427656,150.470048012,location
USA,Florida,"Miami, Miami-Date County",25.775084,-80.194702,location
AUSTRALIA,Torres Strait,"Near Shelburne Bay, Queenland",-9.561435995,142.288520258,location
AUSTRALIA,Queensland,Port Douglas,-16.48533002,145.466170009,location
SOUTH AFRICA,Eastern Cape Province,Bashee River,-32.24845,28.9016,location
USA,South Carolina,Fort Moultrie,32.759066,-79.857863,location
AUSTRALIA,Torres Strait,Near Dauan Island,-9.561435995,142.288520258,location
PAPUA NEW GUINEA,Central Province,Hula,-10.09459,147.72766,location
CANADA,Vancouver,Second Narrows in Burrard Inlet,49.286111,-123.119739,location
PANAMA,"2 to 3 miles off Taboguilla Island, Pacific Ocean",Pacific Anchorage off the Panama Canal,8.9936,-79.51973,location
AUSTRALIA,Queensland,"Kissing Point Camp, Townsville",-19.2495013,146.809185,location
AUSTRALIA,South Australia,Marion Bay,-35.244324208,136.976747679,location
COSTA RICA,Unknown,Port Limon,9.99445,-83.0307,location
USA,Hawaii,"Mana, Kaua'i",21.883325,-159.469363,location
INDONESIA,Java,Lorok Bay,-3.1797508,104.5688226,location
AUSTRALIA,Victoria,Elwood,-37.880362565,144.986707602,location
REUNION ISLAND,Unknown,Swimming off the British steamer Troutpool,-21.133187346,55.532444451,location
BARBADOS,St Michael Parish,Bridgetown,13.1127025,-59.6135674,location
USA,North Carolina,"Near the mouth of the Cape Fear River, Brunswick County",33.917898,-78.0156114,location
USA,New Jersey,"Off Normandie-by-the-Sea, Monmouth County",40.379832,-73.975138,location
AUSTRALIA,Victoria,"Point Cook, Port Phillip Bay",-37.897192904,144.743159629,location
CROATIA,Primorje-Gorski Kotar County,Kraljevica,45.27395,14.5683,location
BRAZIL,Alagoas,Maceió,-9.6652281,-35.7357217,location
USA,New Jersey,"Shrewsbury River, Highlands, Monmouth County",40.41872,-74.00375,location
AUSTRALIA,Northern Territory,the pearling beds,-19.487642985,133.370672749,location
NEW ZEALAND,South Island,New Brighton,-43.5063339,172.7280739,location
AUSTRALIA,New South Wales,"Darling Harbor, Sydney",-33.8591362,151.2087123,location
FIJI,Lau Group,Totoya,-18.91325,-179.81223,location
CHINA,Unknown,Macao Harbor,22.1920431,113.5512555,location
PANAMA,Colón Province,Aspinwall (Colón),9.35451,-79.90011,location
USA,Hawaii,Honolulu Harbor,21.35846,-157.93374,location
MEXICO,Vera Cruz,Vera Cruz,43.51285,-76.25104,location
SIERRA LEONE,Western Area,"River Sierra Leone, 35 miles  upriver from Freetown",8.48714,-13.2356,location
Unknown,St Helena,Landing Place,33.32457621558,-86.823773962228,location
INDIA,West Bengal,Hooghly River mouth,21.83231,88.03074,location
BRAZIL,Pernambuco,Praia de Milagres,-8.03987,-34.86454,location
AUSTRALIA,Westerm Australia,Goode Beach,-35.088293216,117.93533825,location
BELIZE,Ambergris Cay,Off San Pedro,17.9172108,-87.9710688,location
FRENCH POLYNESIA,Bora Bora,To'opua,-16.5059584,-151.7515183,location
FRENCH POLYNESIA,Tahiti,Tautira,-17.74744,-149.16123,location
AUSTRALIA,Victoria,13th Beach,-38.282839,144.4440178,location
NEW ZEALAND,North Island,"Stanmore Bay, Auckland",-36.635542377059,174.747792794742,location
BAHAMAS,Unknown,Wells Cay,26.57969,-77.2316,location
SOUTH AFRICA,KwaZulu-Natal,Tinley Manor,-29.44606,31.28595,location
AUSTRALIA,Western Australia,Cone Bay,-16.48526,123.661859999,location
SOUTH AFRICA,KwaZulu-Natal,Protea Banks,-30.83333,30.48333,location
FRENCH POLYNESIA,Tuamotos,Takapoto Atoll,-14.615,-145.19855,location
AUSTRALIA,Queensland,Stradbroke Island,-27.4997481,153.4044503,location
SOUTH AFRICA,Western Cape Province,"Lookout Beach, Plettenberg Bay",-34.0506,23.3776,location
EGYPT,Red Sea Protectorate,Marsa Alam,25.068251,34.8898818,location
USA,Hawaii,Hapuna Beach,19.9923,-155.8257,location
AUSTRALIA,New South Wales,Bherwerre Beach,-35.157869440489,150.650165222341,location
USA,California,Santa Barbara County,34.538263714677,-120.030793894701,location
FRANCE,Wallis and Futuna,Wallis Island,47.47056,3.84639,location
JAPAN,Okinawa Prefecture,Off Miyako Island,24.78333,125.33333,location
SCOTLAND,Moray,Spey Bay,57.668674919,-3.083374724,location
FIJI,Unknown,Nukudamu,-16.1665364,179.9666968,location
USA,South Carolina,Fripp Island,32.3215105,-80.4779096,location
SOLOMON ISLANDS,Makira-Ulawa Province,"Kirakira, Makira Island (formerly San Cristobal)",-10.45442,161.92045,location
AUSTRALIA,New South Wales,"Garden Point, Woolloomooloo Sydney Harbour",-33.871520551,151.219136352,location
AUSTRALIA,Tasmania,Binalong Bay,-41.241498429,148.287240807,location
USA,Florida,"New Smyrna Beach / Ponce Inlet, Volusia County",29.029722,-80.9237495,location
SOLOMON ISLANDS,Marovo Lagoon,Kicha Island,-8.44353,157.91556,location
BRAZIL,Pernambuco,Pina,-8.0921388,-34.8837844,location
USA,Kentucky,"Newport Aquarium, Newport",39.0946571,-84.4974873,location
NEW CALEDONIA,Loyalty Islands,Maré,-21.52904,167.98997,location
USA,Florida,"Tigertail Beach, Collier County",25.949,-81.7428,location
AUSTRALIA,New South Wales,Crookhaven,-34.918949987388,150.729571418264,location
SOUTH AFRICA,Eastern Cape Province,Jeffrey’s Bay,-34.04526,24.92146,location
SOUTH AFRICA,KwaZulu-Natal,Park Rynie,-30.3196432,30.7369268,location
USA,Florida,"Pelican Beach Park, Satellite Beach, Brevard County",28.1831466,-80.5913689,location
USA,Hawaii,"Cove Beach / Kalama Beach, Kihei, Maui",20.72713,-156.44993,location
FIJI,Taveuni,Welagi coastal reef off Drekeniwai,-17.835402367,177.963331372,location
USA,Hawaii,Between Magic Sands Beach and Kahaluu Beach on the Kona coast,19.59457,-155.97218,location
AUSTRALIA,Queensland,Depth of 40 m on the wreck of the St. Paul off Brisbane,-27.394890236311,152.963201671884,location
AUSTRALIA,New South Wales,26 nautical miles out to sea off Lake Macquarie,-33.113612563366,151.618082716208,location
AUSTRALIA,New South Wales,Broome Head,-29.61085,153.34033,location
AUSTRALIA,Queensland,"Sykes Reef, Great Barrier Reef",-17.98722,146.76979,location
AUSTRALIA,South Australia,"Black Point, Eyre Peninsula",-34.613252686,137.895107127,location
USA,California,"North of Pidgeon Point, San Mateo County",37.18737610984,-122.385388974681,location
AUSTRALIA,South Australia,"Hardwicke Bay, Yorke Peninsula",-34.890458574,137.458357325,location
BRAZIL,Rio de Janeiro,"Manguinhos, Ilha Feia, Búzios",-22.78333,-41.93333,location
EGYPT / ISRAEL,"South Sinai, Gulf of Aqaba","1 km off the mouth of Marsa Bereika, north of Ras Mohammed",32.351167,35.351486,location
USA,South Carolina,"Garden City Beach, Horry County",33.578662,-78.997131,location
USA,North Carolina,"Hamstead, Pender County",34.3661293,-77.7121126,location
AUSTRALIA,New South Wales,Tweed Heads,-28.179350011,153.535427804,location
AUSTRALIA,Western Australia,"Backbeach, Halls Head",-32.52963,115.69477,location
ITALY,Ligurian Sea,"Portofino, 20 miles offshore, Tigullio Bay, Santa Margherita Ligure (Liguria)",44.320529086665,9.212865358783,location
USA,Florida,"Tampa Bay, Hillsborough County",27.938955918916,-82.253874177465,location
USA,California,"Latigo Point / Paradise Cove, west of Malibu, Los Angeles County",34.021930775998,-118.786794538052,location
SOUTH AFRICA,Eastern Cape Province,"Seal Point, Cape St. Francis",-34.2079,24.83319,location
ITALY,Northwest Italy,Riomaggiore (Ligura),44.0988707,9.7408182,location
SOUTH AFRICA,Eastern Cape Province,Ntlonyane Bay,-32.07043,28.81335,location
REUNION,Grand'Anse,Petite-Ile,-21.344774082903,55.54693386079,location
KENYA,Lamu Archipelago,South of Lamu Island,-2.26781,40.90199,location
USA,Florida,"Fort Walton Beach, Okaloosa County",30.4046545,-86.6192887,location
SOUTH AFRICA,Eastern Cape Province,"Gulu Deep, East London",-33.01529,27.91162,location
AUSTRALIA,South Australia,"Cactus Beach, near Ceduna",-32.375329899075,133.934618058132,location
USA,Florida,"Sebastian, Indian River County",27.788834,-80.474784,location
AUSTRALIA,Queensland,Gin Arm Creek,-17.46667,139.53333,location
AUSTRALIA,Tasmania,Elliot's Cove,-42.98,145.56,location
Unknown,Caribbean Sea,Between St. Kitts & Nevis,17.339711689,-62.765603846,location
MOZAMBIQUE,Limpopo River,"Gijana, 150 km inland",-18.25,35.0,location
AUSTRALIA,New South Wales,Beecroft Head,-35.0,150.85,location
AUSTRALIA,New South Wales,South Coast,-36.0,149.83333,location
AUSTRALIA,Victoria,"Cheviot Beach, Portsea, Port Phillip Bay",-38.332659733838,144.713614056604,location
USA,Florida,150 miles southeast of Cape Kennedy,26.146461411097,-81.739643071479,location
PAPUA NEW GUINEA,Bougainville (North Solomons),"Off Sing Village, Buka Island",-6.25182,155.36247,location
PAPUA NEW GUINEA,Madang Province,"Mouth of Suareng River, a mile from Taludig",-5.0,145.5,location
SOUTH AFRICA,KwaZulu-Natal,Umhlali,-29.4760557,31.2178791,location
USA,South Carolina,"Pawley’s Island, Georgetown County",33.43231,-79.12055,location
AUSTRALIA,New South Wales,Cook Island,-28.19576,153.57814,location
AUSTRALIA,New South Wales,North Head,-28.16591,153.54831,location
USA,Florida,"Lignum Vitae Channel, Florida Keys, Monroe County",24.89013,-80.69729,location
USA,California,"Alligator Head, La Jolla, San Diego County",32.85005,-117.26948,location
BAHAMAS,Cat Cay,off yacht Serenade,25.04082,-77.37122,location
CROATIA,Primorje-Gorski Kotar County,Mošćenička Draga,45.23995,14.25356,location
TAIWAN,Taipei Hsien,Off Cape of Pi-tou,25.198899,121.479114,location
SOUTH AFRICA,KwaZulu-Natal,"Splash Rock, Port Edward",-31.05014,30.23039,location
AUSTRALIA,New South Wales,"Merewether Beach, Newcastle",-32.947968,151.756403,location
PAPUA NEW GUINEA,Bougainville (North Solomons),Kieta,-6.0,155.0,location
CROATIA,Primorje-Gorski Kotar County,Opatija,45.33658,14.30782,location
PAPUA NEW GUINEA,Unknown,Abau,-10.0426054,148.5650297,location
USA,California,"Trinidad Bay, Humboldt County",41.05429,-124.1409,location
USA,Virginia,150 miles off Cape Henry,36.712179927478,-79.9141784737,location
AUSTRALIA,New South Wales,"The Entrance, near Gosford",-33.438106125396,151.35961728705,location
USA,New York,Rockaway Beach,40.576981,-73.851544,location
USA,Hawaii,Kaula Rock near Niihau,21.879402,-160.2194229,location
IRAN,Karun River,"near Ahvaz, 275 km from the sea",31.27618,48.64174,location
USA,Hawaii,"Between Ala Moana Channel & Kewalo Basin, O'ahu",21.291,-157.8573,location
NEW CALEDONIA,North Province,"Voh, near meatworks",-20.96667,164.7,location
ITALY,Tuscany,Elba Island,42.77663,10.27788,location
USA,US Virgin Islands,"St. John, Genti Bay",18.32218,-64.74958,location
AUSTRALIA,Northern Territory,"Mornington Island, Gulf of Carpentaria",-23.6984,133.8825,location
IRAN / IRAQ,Shatt-al-Arab River,Vicinity of Abadan,30.7436776,47.8937776,location
JAVA,Northern Java,Off Cheribon,42.3910195,43.9228414,location
BRAZIL,Unknown,Near the Abrolhos Archipelago,-17.97122,-38.70028,location
AUSTRALIA,New South Wales,George’s River,-33.986735598,151.07191187,location
PAPUA NEW GUINEA,Morobe Province,Bulolol,-7.2036,146.64014,location
USA,Massachusetts,"Hollywood Beach, just above Mattapoisett Harbor, Buzzards Bay",41.75298,-70.6185,location
AUSTRALIA,Queensland,Barrier Reef off Mackay,-21.266614549635,148.975552430383,location
AUSTRALIA,Queensland,"Seaforth River, near MacKay",-20.916283168,148.961235679,location
BERMUDA,Hamilton,Nine miles off Frasconi Flats,32.2941903,-64.7839374,location
USA,New Jersey,"Off Ocean City, Cape May County",39.278297,-74.575521,location
USA,Florida,"Municipal Beach, West Palm Beach, Palm Beach County",26.69958,-80.03306,location
TONGA,Niua,Niuafo'ou Island,-15.60156,-175.63656,location
AUSTRALIA,Queensland,"Alma Bay, Magnetic Island, Townsville",-19.15514,146.8485,location
NEW ZEALAND,Cook Islands,Rarotonga,-46.46667,167.85,location
SPAIN,Valencia,Valencia,39.4702393,-0.3768049,location
ENGLAND,Isle of Wight,Off Shanklin,50.627581999,-1.179566566,location
AUSTRALIA,Western Australia,"Condon, 88 km NE of Port Hedland",-20.01667,119.36667,location
AUSTRALIA,Western Australia,"Southgates, near Geraldton",-28.829009827593,114.633968809593,location
BARBADOS,Lucy,Pie Corner,13.30539,-59.58665,location
USA,Florida,"Municipal Pier, St. Petersburg, Tampa bay",27.803557796285,-82.801736403039,location
SOUTH AFRICA,Eastern Cape Province,Zwartkops River,-33.86315,25.62956,location
USA,South Carolina,Calibogue Sound,32.10854,-80.83317,location
AUSTRALIA,New South Wales,"Seven Shillings Beach, Middle Harbor, Sydney (Estuary)",-33.8718,151.2478,location
MALTA,Harare Province,Marsaskala,35.86056,14.55917,location
PHILIPPINES,Luzon Island,Manila Bay,14.5822592,120.9748038,location
AUSTRALIA,New South Wales,Moodie Beach,-33.418130797063,149.563287310099,location
AUSTRALIA,New South Wales,Georges River,-33.986735598,151.07191187,location
USA,Hawaii,"Kalihi, O'ahu",21.33335,-157.87474,location
EGYPT,Mediterranean Sea,"Tzortzou Reef, Marsa Matruh",31.3529,27.23725,location
NEW ZEALAND,North Island,East Cape,-36.9212641,174.9131905,location
AUSTRALIA,Queensland,"Wellington Point, Brisbane",-27.495822204,153.239388783,location
INDIA,Tamil Nadu,Madras,13.0720922,80.2018554,location
SOUTH AFRICA,Western Cape Province,Blaauwberg,-33.75357,18.46594,location
AUSTRALIA,New South Wales,Millers Point,-33.861744859,151.203549649,location
Unknown,Unknown,Santa Cruz,14.2683893,121.3975741,location
MEXICO,Guerro,Acapulco,16.86852,-99.893,location
INDONESIA,East Java,Probolinggo,-7.867039635902,113.320119814835,location
USA,Connecticut,"Branford, New Haven County",41.27954,-72.8151,location
AUSTRALIA,Tasmania,Smelting Works Bay near Hobart,-42.883401157,147.329438724,location
FIJI,Viti Levu Island,"Na Koro Vatu, Rewa River",-17.8332542,178.3358638,location
NEW ZEALAND,North Island,"Brickfield Bay, Auckland Harbour",-36.846270267159,174.751298118455,location
AUSTRALIA,South Australia,"Corio Bay, Port Phillip",-34.695355906922,138.708955057401,location
USA,New York,Brooklyn,40.692529,-73.990996,location
SOLOMON ISLANDS,Makira-Ulawa Province,Makira Island (Formerly San Cristobal),-10.55751,161.78517,location
USA,Florida,"Jupiter Island, Martin County",27.051872,-80.109436,location
USA,Georgia,"Île de Saint Simon, Glynn County",31.15051,-81.36954,location
SOUTH AFRICA,KZN,LaLucia,-29.7486649,31.0563317,location
AUSTRALIA,New South Wales,"Buchan Point, Sydney",-33.965737941815,150.854068661411,location
USA,Texas,"Galveston Island, Galveston County",29.2786,-94.8053,location
USA,North Carolina,Outer Banks,36.0982574,-75.7154859,location
USA,"Franklin County, Florida",St George Island,29.6162867,-84.9585189,location
AUSTRALIA,Western Australia,Bunker Bay Beach,-33.5441,115.0346,location
FRENCH POLYNESIA,Marquesas,Ua Huka,-8.90399,-139.55187,location
THAILAND,Phang Nga Province,Nang Thong Beach,8.640245,98.247911,location
AUSTRALIA,Queensland,Bargara,-24.814531238,152.460668155,location
USA,Hawaii,Molokai Channel/,21.01785,-157.01557,location
AUSTRALIA,Queensland,Magra Islet,-11.85764,143.28157,location
AUSTRALIA,Tasmania,Maatsuyker Island,-43.64918,146.27687,location
SOUTH AFRICA,Eastern Cape Province,30 nm off Port Elizabeth,-33.96109,25.61494,location
AUSTRALIA,New South Wales,"7 Mile Beach, Gerroa",-33.377043505031,149.226228806404,location
BRAZIL,Alagoas,"Praia de Sauaçuhy, Maceió",-9.4889245,-35.5724875,location
AUSTRALIA,New South Wales,"Little Congwong Beach, La Perouse",-33.9891598,151.2354764,location
AUSTRALIA,New South Wales,"Surf Beach, Kiama",-34.6758535,150.8539622,location
CUBA,Holquin Province,Guardalavaca Beach,21.12,-75.83389,location
USA,Texas,"South Padre Island, Cameron County",26.110983,-97.165717,location
"ST HELENA, British overseas territory",Ascension Island,English Bay,-7.943362250099,-14.365992187691,location
USA,Hawaii,"Charlie Young Beach, Kihei, Maui",20.724887,-156.4490193,location
AUSTRALIA,New South Wales,North Cronulla Beach,-34.0496,151.1572,location
SOUTH AFRICA,Eastern Cape Province,Mpande,-31.7652,29.35684,location
SOUTH AFRICA,Western Cape Province,Die Platt,-32.89355,18.71639,location
USA,Texas,"Surfside Beach, Brazoria County",28.9520047,-95.2878755,location
SOUTH AFRICA,Western Cape Province,Hawston Beach,-34.38634,19.13099,location
NEW CALEDONIA,North Province,Kendec,-21.05,164.9,location
NEW ZEALAND,South Island,Snapper Point,-41.211970411,173.916674165,location
AUSTRALIA,Queensland,Mudjimba Island,-26.61472,153.11473,location
AUSTRALIA,New South Wales,Lennox Heads,-28.813397609,153.596179398,location
SPAIN,Catalunya,Sant Salvador,41.1838256,1.5425624,location
NEW ZEALAND,North Island,Alderman Islands,-36.96667,176.08333,location
SOUTH AFRICA,Western Cape Province,"Shark Alley, off Gansbaai",-34.58301,19.35048,location
MOZAMBIQUE,Inhambane Province,Chidenguele,-23.26694,33.81472,location
USA,North Carolina,"Topsail Island, Pender County",34.46961,-77.47191,location
EGYPT,Unknown,Daedalus Reef,24.92832,35.85714,location
AUSTRALIA,New South Wales,"Lighthouse Beach, Ballina",-28.87262,153.589881,location
USA,Florida,Jupiter Inlet,26.96062,-80.07871,location
ST. MAARTIN,Simpson Bay,Sunterra Beach,18.0422919,-63.1053134,location
THAILAND,Unknown,On deck of fishing trawler 100 nautical miles offshore,15.116802787,101.012239206,location
CUBA,Santiago de Cuba Province,Uvero,20.195685353801,-75.900951996772,location
CUBA,Camaguey Province,Santa Lucia,21.08333,-78.15,location
USA,Alabama,"Gulf Shores Beach, Baldwin County",30.4182,-87.5934,location
AUSTRALIA,Western Australia,Perth? (Margaret River District),-33.9510182,115.0686565,location
USA,Florida,"Crawford Road beach approach at New Smyrna Beach, Volusia County",29.043501729009,-80.90109276404,location
USA,Hawaii,"Makua Beach, Oahu",21.57688,-158.13154,location
USA,Hawaii,"Brenecke Beach, Po'ipu, Kaua'i",21.8842794,-159.4855126,location
USA,South Carolina,"Waites Island, Horry County",33.8419348,-78.6052627,location
USA,Florida,"Mayport Naval Station, Jacksonville, Duval Country",30.394745,-81.410855,location
USA,Florida,Gulf Islands National Seashore,30.364435,-86.9672641,location
AUSTRALIA,New South Wales,"McMasters Beach, Central Coast",-33.4831,151.4433,location
USA,Florida,"Pensacola  Beach, Escambia County",30.331606,-87.143414,location
USA,Florida,"Walden Rocks, St. Lucie County",27.270091785544,-80.329100502663,location
AUSTRALIA,New South Wales,"Iron Cove, Sydney",-33.8645267,151.1585631,location
NEW ZEALAND,Chatham Islands,Waihere Bay,-44.28333,-176.25,location
BRAZIL,Maranhão,"Praia do Olho D'Água, São Luis",-2.477338840878,-44.217746542291,location
USA,Florida,Florida Straits,41.338685205866,-74.358086997857,location
REUNION,Saint-Denis,Barachois,-20.896116,55.475575,location
BAHAMAS,Grand Bahama Island,Freeport,26.5210127,-78.7701719,location
USA,California,"Shelter Cover, north of Fort Bragg, Shelter Cove, Mendocino County",39.445486,-123.804543,location
USA,California,"8.5 miles south of Ano Nuevo State Reserve, Davenport County",35.180966,-120.704106,location
HONG KONG,Kowloon Peninsula,Sai Kung,22.31308,114.18039,location
AUSTRALIA,Victoria,Kilcunda,-38.549612758,145.481288076,location
USA,Florida,"Playalinda, Brevard County",28.7021316,-80.6671512,location
SOUTH AFRICA,Western Cape Province,Great Brak River,-34.04368,22.22574,location
SOUTH AFRICA,KwaZulu-Natal,Umhlanga,-29.733032871048,31.068049886073,location
AUSTRALIA,Western Australia,"Direction Island, Cocos Islands",-21.53397,115.13,location
AUSTRALIA,Queensland,Gladstone,-23.847530021,151.257799994,location
USA,California,5 miles south of Redondo Beach,33.844983,-118.387244,location
AUSTRALIA,South Australia,"Dangerous Reef, South Neptune Island",-35.32901,136.11108,location
USA,Florida,"Off 12th Street, Miami Beach",25.782914157507,-80.133212363032,location
USA,Oregon,"Haystack Rock, Cannon Beach, Clatsop County",45.894048,-123.961517,location
SOUTH AFRICA,KwaZulu-Natal,Mbibi,-27.38305,32.72329,location
USA,Florida,"Public Beach (Carlin Park), Jupiter, Palm Beach County",26.92911,-80.06919,location
USA,Hawaii,"Maha'ulepu, Koloa, Kaua'i",21.8868,-159.42,location
USA,California,Farallon Islands,37.74251,-123.0591,location
AUSTRALIA,New South Wales,"Lennox Head, Ballina",-28.813397609,153.596179398,location
USA,California,"Usal Creek, Bear Harbor, Mendocino County",39.455617707383,-123.40156929177,location
USA,California,"Perch Rock, Point Conception, Santa Barbara County",34.4484,-120.47197,location
PALAU,Aulong Island,Aulong Channel,7.27853,134.29723,location
AUSTRALIA,New South Wales,Tabourie Beach,-35.4448,150.4067,location
AUSTRALIA,New South Wales,Smokey Cape,-30.92388,153.0893,location
MOZAMBIQUE,Inhambe Province,"Inhasoka, Inhambe Bay",-20.7975,33.68417,location
AUSTRALIA,New South Wales,"Marineland Aquarium, Manley, Sydney",-33.848182151023,151.157060140351,location
ITALY,Brindisi Province,Brindisi,40.63215,17.93607,location
PAPUA NEW GUINEA,New Ireland Province,"Lamassa Island, 16 miles from Lambon Island",-4.69393,152.76545,location
USA,California,Ventura,34.280832,-119.293107,location
AUSTRALIA,New South Wales,South West Rocks,-30.896162034,153.020500951,location
USA,Florida,"Key Biscayne, Miami, Dade County",25.692497,-80.169556,location
PAPUA NEW GUINEA,East Sepik,Moem Village near Wewak,-3.5651944,143.6199951,location
USA,New Jersey,"Steel Pier, Atlantic City, Atlantic County",39.35755,-74.41902,location
USA,Florida,"Riviera Beach, near Palm Beach Inlet, Palm Beach County",26.695150035411,-80.083579199134,location
VANUATU,Shefa Province,Lelepa Island,-17.59973,168.20974,location
TANZANIA,Unknown,Near entrance to Dar-es-Salaam Harbour,-6.8149233,39.288409,location
SOUTH AFRICA,Eastern Cape Province,Port Elizabeth Oceanarium,-33.96109,25.61494,location
AUSTRALIA,Queensland,"Scott’s Point, Redcliffe Peninsula",-27.23333,153.11667,location
NORTH SEA,"Unknown, treated at Wick, SCOTLAND","On board  East German fishing trawler, I Mai",58.442663598,-3.091948291,location
PHILIPPINES,Luzon Island,Bataan,16.0,121.0,location
NICARAGUA,Pacific coast,San Jan del Sur,12.934455771,-85.006212514,location
USA,California,"Pacific Beach, San Diego County",32.8038045,-117.2362042,location
SOUTH AFRICA,KwaZulu-Natal,Umgeni River Mouth,-29.804,30.9926,location
PAPUA NEW GUINEA,Milne Bay Province,Samarai Island (south end),-10.61247,150.66424,location
PAPUA NEW GUINEA,Milne Bay Province,Samarai Island,-10.61247,150.66424,location
USA,Wake Island,Wilkes Islet Lagoon (Pacific Ocean north of the Marshall Islands),30.676275,-91.389464,location
PHILIPPINES,Luzon Island,Bohol,16.0,121.0,location
ITALY,Salerno,Amalfi,40.6343701,14.6025564,location
PAPUA NEW GUINEA,Bougainville (North Solomons),"Sohano Island, Buka Passage",-6.25182,155.36247,location
INDIA,Unknown,"Triplicane Beach, Chennai",13.0611358,80.2824761,location
AUSTRALIA,New South Wales,Parramata River,-33.8153576,151.0189331,location
NEW GUINEA,Bwagaoia,"Bagalina, North coast Misima Island",-10.6779,152.84699,location
AUSTRALIA,Queensland,"Rubbish Dump Creek, Mackay",-26.743066465319,150.59211171297,location
USA,North Carolina,"Pamlico Sound off Frisco, Dare County",35.233785,-75.625107,location
AUSTRALIA,New South Wales,Queenscliff,-33.782443797,151.285093867,location
AUSTRALIA,Queensland,Ipswich,-27.65268053,152.613742069,location
AUSTRALIA,Queensland,"Bribie Passage, Caloundra",-26.818123628061,153.110834135214,location
NEW ZEALAND,North Island,"Miranda Head, Hauriki Gulf",-37.176019116313,175.292136663679,location
JAMAICA,Kingston Parish,"Coal wharf, Port Royal",17.93738,-76.84062,location
AUSTRALIA,Queensland,Off Cairns,-16.923112317,145.764893017,location
SINGAPORE,Unknown,Sea View Beach,1.25287975025,103.818817163136,location
USA,South Carolina,"Folly Island, near Charleston",32.66046,-79.9312,location
AUSTRALIA,Queensland,"Gay’s Corner, Bulimba Reach of Brisbane River",-27.450728613,153.057561942,location
JAMAICA,Kingston Parish,Port Royal,17.93738,-76.84062,location
MOZAMBIQUE,Zambesi River,Portuguese territory,-26.04556,32.19194,location
ITALY,Syracuse,Capo Santa Croce,37.24339,15.25654,location
BAHAMAS,Bimini Islands,Off Gun Cay,25.58063,-79.29876,location
BRITISH NEW GUINEA,Woodlark Islands,Off Panamota,-9.1121,152.76786,location
KIRIBATI,Gilbert Islands,Beru,-1.3231925,175.9935681,location
CROATIA,Unknown,Fiume,45.32673,14.44241,location
AUSTRALIA,Western Australia,Off De Grey river,-20.2,119.18333,location
SOUTH AFRICA,Western Cape Province,St. Helena Bay,-32.75612,18.09574,location
SIERRA LEONE,Western Area,Tombo Island in the Sierra Leone River,8.33333,-13.06667,location
SWEDEN,Skagerrak arm of the North Sea,Bohuslän,58.23333,11.8,location
ICELAND,Bardestrand,Talkknefiord,64.986956859,-18.582382346,location
USA,Hawaii,"Lower Paia Beach Park, Maui",20.9156028,-156.3863332,location
USA,New York,"Smith Point Beach, Suffolk County",40.7913895,-72.8648679,location
NEW ZEALAND,South Island,Cobden,-43.0,171.0,location
BAHAMAS,Grand  Bahama Island,Tiger Beach,26.520339848899,-78.622635714001,location
NEW ZEALAND,North Island,"Waihī  Beach, Bay of Plenty",-37.40418,175.942273,location
USA,Oregon,"Seaside Cove, Clatsop County",45.9757796,-123.9393377,location
AUSTRALIA,New South Wales,"Town Beach, Port Macquarie",-31.4295,152.9193,location
USA,Florida,"St. Augustine Beach, Anastasia Island, St. Johns County",29.82209,-81.26353,location
AUSTRALIA,New South Wales,Wilsons Headland,-29.82809,153.28945,location
AUSTRALIA,New South Wales,Wamberal Beach,-33.4307,151.4474,location
AUSTRALIA,New South Wales,Windang Beach,-34.5402,150.8762,location
USA,Hawaii,"Browns, Oahu",21.318415773373,-158.043539808302,location
JAMAICA,St. Marys Parish,James Bond Beach,18.31667,-76.9,location
USA,Maryland,"Rhode River, Chesapeake Bay",39.109927620059,-76.436237811019,location
USA,Georgia,"St. Simon Island, Glynn County",31.15051,-81.36954,location
EGYPT,Unknown,Brothers Island,26.30673,34.85567,location
AUSTRALIA,Queensland,Cairns Aquarium,-16.91842,145.77383,location
BAHAMAS,New Providence,Nirvana Beach,25.063507,-77.4883756,location
AUSTRALIA,Western Australia,Waterman's Bay,-31.849611772,115.755110502,location
FRENCH POLYNESIA,Unknown,"Makemo atoll,",-16.59836,-143.72349,location
USA,Hawaii,Makaha,21.468004,-158.214988,location
USA,Florida,"Snipes Point, Monroe County",24.6982,-81.67398,location
USA,California,"Off Palos Verdes peninsula, Los Angeles County",33.76634,-118.380869,location
USA,Florida,"Hugenot Beach , Jacksonville, Duval County",30.384675011043,-81.489213740588,location
BRAZIL,Santa Catarina State,Escalerio Beach Balneário Camboriú,-27.0324646,-48.5826942,location
USA,Hawaii,"Malaka, Oahu",21.318546,-157.87481,location
USA,California,"Morro Strand State Beach, San Luis Obispo County",35.39185,-120.8664,location
USA,California,"Morro Bay, San Luis Obispo County",35.365945,-120.850004,location
NEW CALEDONIA,Unknown,Kouare,-21.6710827,166.0721766,location
AUSTRALIA,Western Australia,Gnaraloo,-23.82168,113.52629,location
USA,Hawaii,"Keawekapu Beach, Kihei, Maui",20.703902,-156.4461356,location
AUSTRALIA,Western Australia,Turquoise Bay,-22.0984963,113.888643,location
USA,Hawaii,"Waiehu, Maui",20.919034,-156.494665,location
AUSTRALIA,New South Wales,Emerald Beach,-30.169989952,153.185134141,location
USA,Hawaii,"Davidson's Surf Break, Kekaha, Kaua'i",21.966609,-159.713613,location
FRENCH POLYNESIA,Tuamotus,Kaukura Atoll,-15.74795,-146.69381,location
AUSTRALIA,Western Australia,Off Wedge Island,-30.82099929,115.206025539,location
USA,Florida,"Bathtub Reef  Beach, Stuart, Martin County",27.186903,-80.160736,location
USA,Hawaii,"Leftovers near Chun's Reef, Oahu",21.439542579,-157.94363193,location
PAPUA NEW GUINEA,East New Britain,Pigeon Island,-4.26895,152.32734,location
USA,Hawaii,"Nimitz State Beach, Oahu",21.439542579,-157.94363193,location
USA,North Carolina,"Buxton Beach, Dare County",35.26889,-75.539467,location
USA,North Carolina,Holden Beach. Brunswick County,33.915334,-78.264155,location
BAHAMAS,Grand Bahama Island,Off Lucaya,26.5174143,-78.7686115,location
USA,Maine,"Burnt Cove near Eastport, Washington County",44.907105289411,-66.99030004136,location
BAHAMAS,Abaco Islands,Elbow Cay,23.95665,-80.44052,location
USA,Florida,"Lauderdale-by-the-Sea, Broward County",26.1910298,-80.0965315,location
AUSTRALIA,Queensland,Archie's Beach,-21.619725607174,149.275637674695,location
USA,Florida,Elliot Key,25.44317,-80.19727,location
GUAM,North Region,Ritidian Point,13.6530162,144.8577259,location
NEW ZEALAND,North Island,Omaha Beach,-36.339312,174.780415,location
REUNION,Saint-Pierre,Pointe du Diable,-21.292030589597,55.513382957601,location
USA,South Carolina,"Debordieu Beach, Georgetown County",33.38267,-79.14699,location
USA,Florida,"Port of the Islands, Collier County",25.9583528,-81.5110898,location
USA,Florida,"Round Island Park, Indian River County",27.56087,-80.32672,location
SOUTH AFRICA,Eastern Cape Province,Aston Bay,-34.07997,24.90569,location
AUSTRALIA,New South Wales,Caves Beach,-33.104896794,151.64418639,location
URUGUAY,Rocha,Ensenada de la Coronilla,-33.8957871,-53.5229574,location
EGYPT,Sinai Peninsula,Off Sharm El-Sheikh,27.9158248,34.3262398,location
USA,Florida,"Shepard Park, Cocoa Beach, Brevard County",28.3638013,-80.6031769,location
USA,Florida,"St. George Island (near Apachicola), Franklin County",29.644583333,-84.9156,location
NEW CALEDONIA,Loyalty Islands,Lifou,-20.96667,167.25,location
USA,Florida,"Everglades National Park, Monroe County",25.37217,-80.88182,location
BAHAMAS,Abaco Islands,North of Grand Cay,27.22727,-78.33653,location
USA,Massachusetts,Chatham Island,41.685683646017,-70.060624737294,location
USA,Florida,"Santa Rosa Island, Escambia County",30.3451469,-87.0667439,location
MEXICO,Baja California,Ensenada,31.860107621,-116.594068036,location
AUSTRALIA,New South Wales,Noraville,-33.269506606,151.555219608,location
AUSTRALIA,New South Wales,Nambucca River Entrance,-30.65,153.01667,location
AUSTRALIA,Queensland,Peel Island,-27.49836529,153.3557005,location
USA,Texas,"J.P. Luby Surf Park, Corpus Christi",27.619264,-97.200661,location
USA,Hawaii,Honoli'i in Hilo (west side of Big Island),19.7252577,-155.0890857,location
USA,Florida,"North Beach, Hutchinson Island, St. Lucie County",27.475587143512,-80.317610553824,location
USA,California,"Carmel, Monterey County",36.552508,-121.924435,location
AUSTRALIA,Western Australia,A pearl  farm in Roebuck Bay,-35.001970506274,117.872095405065,location
EL SALVADOR,La Libertad,near El Cocal Beach,13.4877907,-89.32208,location
USA,Hawaii,"Chun's Reef, Laniakea, O'ahu",19.63564,-155.99006,location
USA,Florida,St Lucie County,27.380867652724,-80.445608002629,location
SOUTH AFRICA,KwaZulu-Natal,Sheffield Beach,-29.4848764,31.254817,location
USA,Hawaii,"Maliko Point, Maui",20.902090326706,-156.372966186451,location
USA,Florida,150 miles from Crystal River,28.899757,-82.595286,location
USA,Hawaii,"One'ula Beach Park, 'Ewa Beach, O'ahu",21.3087109,-158.0201716,location
AUSTRALIA,Northern Territory,Edith Falls,-14.18333,132.18333,location
USA,Hawaii,"Anahola, Kaua'i",22.1386782,-159.3060016,location
ITALY,Tuscany,"Marinella, between Punta Blanca & Marine del Carrara",44.079337,10.101236,location
AUSTRALIA,Victoria,Phillip Island,-38.48349,145.23102,location
USA,Florida,"15 miles north of Sebastian Inlet, Brevard County",27.8941201,-80.4653931,location
PORTUGAL,Madeira Islands,"Sao Jorge, Madeira Island",32.8137787,-16.9036537,location
SOUTH AFRICA,Eastern Cape Province,Algoa Bay,-33.82677,25.79526,location
AUSTRALIA,New South Wales,"Queenscliff, Sydney",-33.782443797,151.285093867,location
AUSTRALIA,Queensland,Maroochydore,-26.654365341,153.087676814,location
AUSTRALIA,Western Australia,"15 km north of Lancelin, north of Perth",-32.322471058614,115.819036639283,location
AUSTRALIA,Queensland,Southport Aquarium,-27.970642311,153.408123774,location
AUSTRALIA,Western Australia,Geographe Bay,-33.58275,115.32902,location
USA,Florida,"Ormond By The Sea, Volusia County",29.3509961,-81.0672686,location
MOZAMBIQUE,Inhambe Province,"Inhambe Bay Estuary, 10 to 12 miles inland from the sea",-18.25,35.0,location
USA,Hawaii,"Waimea Bay, O'ahu",21.64099,-158.06601,location
AUSTRALIA,Northern Territory,Darwin Harbour,-12.460878,130.842651,location
SOUTH AFRICA,Western Cape Province,Strandfontein Beach,-34.0731,18.56119,location
USA,California,"Pebble Beach, Cypress Point, Monterey County",36.56994,-121.946754,location
MEXICO,Veracruz,Playa Mocambo,19.133,-96.1032,location
USA,Massachusetts,"Granite Pier, Rockport",42.66742,-70.62281,location
AUSTRALIA,South Australia,Surfers Paradise Beach near Victor Harbour,-35.552406769,138.622197283,location
NEW ZEALAND,South Island,"Charteris Bay, Lyttleton Harbour",-43.668813712,172.710124373,location
USA,South Carolina,"Off Hilton Head, Beaufort County",32.182980179072,-80.717513958597,location
SOUTH AFRICA,Western Cape Province,Frikkies Bay,-31.3096,18.357,location
AUSTRALIA,South Australia,Hog Bay,-35.71899,137.94368,location
USA,Hawaii,"Between Keawakapu & Makena, Maui",20.70538,-156.44647,location
AUSTRALIA,New South Wales,"Leichardt, Sydney",-33.884048572,151.153576288,location
USA,Louisiana,120 miles southeast of New Orleans,30.004583449952,-90.072236020162,location
MOZAMBIQUE,Maputo Province,"Xefina Island, Bay of Maputo",-25.5,32.33333,location
PAPUA NEW GUINEA,West New Britain Province,"Kalapiai, Kombe",-5.47468,149.69743,location
SOUTH AFRICA,KwaZulu-Natal,Scotburgh,-30.28666,30.75316,location
PAPUA NEW GUINEA,"New Britain, Bismarck Archipelago",Duke of York Island,-5.0,150.0,location
JAPAN,Nagasaki Prefecture,Oomura Bay,32.89990554,129.95789026,location
AUSTRALIA,Torres Strait,Naghir Island,-10.204054749,142.296162731,location
AUSTRALIA,Victoria,"Portsea Beach, near Melbourne",-38.3192447,144.7135651,location
GREECE,Corfu Island,Off Royal Residence,37.928067,23.144516,location
AUSTRALIA,New South Wales,Off North Bondi,-33.88537388,151.279638704,location
INDIA,Unknown,Chennai,13.0720922,80.2018554,location
PHILIPPINES,Unknown,Off Cape Engano,8.4544781,123.2067603,location
USA,Florida,Victim was on said to be on tanker that collided off Florida coast on 10-20-1943,18.3635639,-66.5621485,location
PANAMA,Gulf of Panama,"North shore of Rey Island, Las Perlas archipelago",8.39087,-79.02603,location
USA,Hawaii,"3 miles from shore off McGregor Point, Maui",20.86774,-156.61706,location
SOUTH AFRICA,Western Cape Province,Simon’s Bay,-34.18465,18.43214,location
SOUTH AFRICA,Western Cape Province,Simon's Bay,-34.18465,18.43214,location
NEW ZEALAND,North Island,Matakana River Mouth,-36.3528585,174.7193232,location
VIETNAM,Unknown,Saigon,10.82302,106.62965,location
AUSTRALIA,Torres Strait,Bathurst Island,-10.204054749,142.296162731,location
AUSTRALIA,Queensland,"At Flat Top, near Mackay",-21.16153,149.24652,location
AUSTRALIA,New South Wales,George’s River at Kentucky,-33.986735598,151.07191187,location
AUSTRALIA,Northern Territory,"Redcliff, Cobourg Peninsula",-11.36667,132.3,location
AUSTRALIA,Torres Strait,Adolphus Channel,-9.561435995,142.288520258,location
AUSTRALIA,Victoria,Rosebud,-38.364949029,144.906352715,location
AUSTRALIA,Queensland,"St. Helena Island, Moreton Bay",-27.38757,153.23384,location
SPAIN,Canary Islands,"El Escabonal, Tenerife",28.2605588,-16.4285054,location
USA,California,"Catalina Channel, Los Angeles County",33.58336,-118.38424,location
AUSTRALIA,New South Wales,15 miles up the Cataract River,-28.71667,152.41667,location
AUSTRALIA,Queensland,"Sandgate Jetty, Brisbane",-27.316756446,153.066997774,location
ITALY,Sicily,"Off Capo San Croce, near Augusta (Catania)",37.24339,15.25654,location
CROATIA,"Split-Dalmatia Count,","Sućuraj, Hvar Island",43.14083,16.72833,location
AUSTRALIA,Victoria,Western Port Bay,-38.26431,145.28903,location
USA,New Jersey,"Shrewsbury River,  Monmouth County",40.41872,-74.00375,location
USA,Texas,Velasco,28.961914,-95.360495,location
AUSTRALIA,South Australia,Black Point,-34.613252686,137.895107127,location
AUSTRALIA,New South Wales,"Dobroyd Head, Watson Bay, Sydney",-33.809726,151.267532,location
USA,Rhode Island,Providence,41.824461,-71.412747,location
GREECE,Cyclades archipelago,Between the islands of Tenos and Andros,37.83333,24.93333,location
NEW ZEALAND,North Island,"Princes Wharf, Auckland Harbor",-36.84237954017,174.76420320865,location
USA,Florida,70 miles off Pensacola,30.355207960065,-87.283148822603,location
AUSTRALIA,New South Wales,Coffs Harbour,-30.295283477,153.125203484,location
USA,Florida,"Looe Key, Monroe County",24.54848,-81.40591,location
USA,Noirth Carolina,"Topsail Beach, Pender County",34.352261,-77.647127,location
AUSTRALIA,Western Australia,"Port Beach, North Freemantle",-32.03457,115.74513,location
USA,California,"Capitola Beach, Santa Cruz County",36.9712,-121.9521,location
USA,Florida,"Grayton Beach State Park,   Walton County",30.305617,-86.0781492,location
ENGLAND,West Sussex,Littlehampton,50.809239302,-0.540590684,location
AUSTRALIA,Western Australia,Near Coral Bay,-23.143568033,113.772903449,location
EGYPT,South Sinai,Marsa Alam,29.023364451459,33.799610273102,location
NEW CALEDONIA,South Province,St. Vincent Bay,-22.01067,166.10476,location
AUSTRALIA,New South Wales,Forster,-32.186958888,152.521896478,location
AUSTRALIA,New South Wales,"Shelly Beach, Port Macquarie",-31.45403,152.93144,location
AUSTRALIA,Tasmania,Tenth Island,-40.94,146.98,location
AUSTRALIA,Tasmania,Off Stanley,-40.763061508,145.29050378,location
USA,California,"Santa Rosa Island, Ventura County",34.1624975,-119.035411,location
USA,Florida,"Haulover Inlet, Miami-Dade County",25.901279,-80.121971,location
USA,Oregon,"Cape Kiwanda, Tillamook County",45.21752,-123.97938,location
USA,California,"Sandspit Beach, Montaña de Oro State Park",35.2639,-120.8622,location
AUSTRALIA,Western Australia,"Pyramids Beach, Mandurah",-32.6036296,115.6310248,location
AUSTRALIA,Western Australia,Gearys Beach,-32.530241412794,115.897256753832,location
AUSTRALIA,Victoria,Lorne,-38.573819456,143.948665145,location
USA,California,"Stearns Wharf, Santa Barbara",34.410297,-119.691837,location
UNITED KINGDOM,South Devon,Bantham Beach,50.2783,-3.8786,location
SPAIN,Canary Islands,"Las Teresitas, Tenerife",28.5070446,-16.1893959,location
AUSTRALIA,Queensland,Heron Island,-23.44229,151.91492,location
USA,California,"Manhattan Beach, Los Angeles County",33.885092,-118.40971,location
USA,Florida,"Bethel Shoals, Indian River County",27.72475,-80.17977,location
NEW CALEDONIA,North Province,"Lindéralique, Hienghène",-20.68333,164.93333,location
USA,Hawaii,"Ninole Bay, Hawaii County",19.1330454,-155.5090425,location
AUSTRALIA,New South Wales,"Riecks Point,  Campbell’s Beach,",-33.274481159205,151.311602214409,location
AUSTRALIA,Western Australia,Gracetown,-33.866709908,114.989080385,location
USA,Florida,"Butler Beach, St Augustine,       St. Johns County",29.7927,-81.2593,location
REUNION,Saint-Paul,Le cimetière marin,-21.0145158,55.2611012,location
ECUADOR,Santa Cruz Island,"Playa Brava, Turtle Bay",0.6436179,-90.7789016,location
USA,California,"Tourmaline Surf Park, San Diego County",32.805066,-117.262228,location
USA,Florida,"South Beach, Miami-Dade County",25.7745,-80.1329,location
BRAZIL,Pernambuco,"Coral Cove, Cabo de Santo Agostinho",-8.287369,-35.035105,location
USA,Hawaii,"Iroquiois Point, Oahu",21.324662,-157.984648,location
TAIWAN,Taitung,Taimali,22.6155427,121.0076274,location
RUSSIA,"Peter the Great Bay, Khasan, Primorsky Krai (Far East)",Zheltukhin Island,42.4221475,130.6502044,location
AZORES,Unknown,350 miles from Faial Island,64.9367996,-23.1424995,location
MALTA,Unknown,"Off Fort St. Elmo, Valetta",35.90167,14.51917,location
AUSTRALIA,Western Australia,"Conspicuous Beach, near Walpole",-35.010186000837,116.861852173316,location
AUSTRALIA,New South Wales,Hawks Nest Beach,-32.6791889,152.1648969,location
USA,New Jersey,"Adventure Aquarium, Camden",39.9455968,-75.1314047,location
USA,North Carolina,"Corolla, Currituck County",36.381328,-75.831224,location
PHILIPPINES,Batanes Provine,Luzon Strait,20.45798,121.9941,location
ECUADOR,Galapagos Islands,San Cristobal Island,-0.82532,-89.42442,location
USA,Hawaii,"Waialua Bay, O'ahu",21.59531,-158.10953,location
NEW ZEALAND,South Island,Kaikoura,-42.3991513,173.6806353,location
AUSTRALIA,Western Australia,In a tidal creek    5 km from Wickham,-20.672735223,117.13888522,location
SOUTH AFRICA,Western Cape Province,The Strand,-34.10687,18.82751,location
USA,Hawaii,"Majors Bay, Kaua'i",22.00553,-159.77687,location
USA,Texas,"Isla Blanca Park, South Padre Island",26.078265,-97.161479,location
BELIZE,Ambergris Caye,Near Ramon's Village,17.9158966,-87.965418,location
SPAIN,Alicante,San Juan Beach,37.938984734496,-0.752416788513,location
USA,Hawaii,French Frigate Shoals,23.75638,-166.21145,location
AUSTRALIA,South Australia,Kangaroo Island,-35.73811265,137.594057753,location
USA,Florida,"Off Zelda Boulevard, Daytona Beach, Volusia Countyy",29.249251019548,-81.023122094965,location
USA,Oregon,Gold  Beach,42.412439,-124.420599,location
REUNION,Saint-Benoît,Spot de la gare,-21.034019598,55.712583903,location
USA,Hawaii,"Kalihiwai Beach, Kauai",22.2157,-159.4284,location
AUSTRALIA,Victoria,Collendina Beach east of Ocean Grove,-38.270487,144.544191,location
USA,Hawaii,"Tunnels surf break off Makua Beach, Kaua'i",22.01108,-159.70544,location
SOUTH AFRICA,Western Cape Province,Near the wreck of the Kakapo off Noordhoek Beach,-34.10071,18.36501,location
USA,Hawaii,"Kahala, O'ahu",21.27692,-157.78764,location
AUSTRALIA,New South Wales,Just north of Fingal Spit,-32.74061,152.18581,location
AUSTRALIA,Queensland,Orpheus Island,-18.62222,146.49918,location
MARSHALL ISLANDS,Alinglaplap Atoll,Island J4H,7.38333,168.76667,location
USA,Florida,"Two miles off Key Colony Beach, Monroe County",24.720757,-81.01894,location
AUSTRALIA,New South Wales,Scotts Head,-30.747861408,152.992945852,location
USA,Florida,"Jupiter Beach, Palm Beach County",26.91269,-80.06298,location
SOUTH AFRICA,Eastern Cape Province,Glengariff,-32.8946,28.0895,location
OKINAWA,Miyako Island,Boragawa Beach,24.78333,125.33333,location
AUSTRALIA,New South Wales,"Clark Island, Sydney Harbour",-33.86297,151.24114,location
JAPAN,Kagoshima Prefecture,Tatsugo-cho,28.4131901,129.58941564,location
CHILE,Unknown,300 miles East of Easter Island,-30.0,-71.0,location
USA,Hawaii,"Velzyland, north shore of O'ahu",21.59116,-158.1094,location
AUSTRALIA,Tasmania,Barren Joey Island,-42.81,147.53,location
USA,Hawaii,"Ehukai Beach Park, Sunset Beach, O'ahu",21.6623475,-158.0539869,location
AUSTRALIA,Queensland,"Off North Keppel Island, off Yeppoon",-23.123716632672,150.748606202244,location
SOUTH AFRICA,Eastern Cape Province,Eerste River,-34.07801,24.24427,location
SOUTH AFRICA,Western Cape Province,Reef on seaward side of Geyser Island,-34.6897,19.41369,location
USA,South Carolina,"Palmetto Dunes, Hilton Head, Beaufort County",32.1658,-80.7158,location
SOUTH AFRICA,Western Cape Province,Holbaai,-34.38623,18.86053,location
USA,California,"Bear Harbor, Mendocino County",39.91293,-123.93808,location
USA,Florida,"Hollywood Beach, Broward County",26.014,-80.1166,location
JAPAN,Kumamoto Prefecture,Ariake Bay,32.92159936,130.45114691,location
NAMIBIA,Eronogo Region,Walvis Bay,-22.9575,14.50528,location
AUSTRALIA,Queensland,"Buddina Beach, south of Noosa",-26.354927526347,153.054679854024,location
NEW ZEALAND,North Island,"Te Kaha, East coast",-38.65,178.0,location
USA,Hawaii,"Off Lahaina, Maui",20.886706083835,-156.669867005637,location
AUSTRALIA,Tasmania,"Fluted Cape, Bruny Island",-43.35464,147.28512,location
BAHAMAS,Grand Bahama Island,"Memory Rock, 18 miles from NW end of the Island",26.517475141503,-78.677348486837,location
USA,California,"Bird Rock, near Tomales Point, Marin County",38.2327,-122.9875,location
MOZAMBIQUE,Maputo Province,Ponto do Ouro,-26.827,32.838,location
NEW ZEALAND,South Island,Otago Harbor,-45.8937797,170.5223504,location
AUSTRALIA,Western Australia,"Little Beach Reef, Bremer Bay",-34.446998555675,119.069459848339,location
AUSTRALIA,New South Wales,Coledale Beach,-34.2876,150.949,location
PAPUA NEW GUINEA,New Ireland Province,Southern end,-3.0,151.5,location
USA,Florida,"Biltmore Beach, near Panama City",30.146834386513,-85.75529935337,location
SOUTH AFRICA,KwaZulu-Natal,"Selection Reef, Umdhloti",-29.67868,31.1133,location
MOZAMBIQUE,Unknown,"Limpopo River, 547 km from the sea",-18.25,35.0,location
MID ATLANTIC OCEAN,Unknown,Off Bermuda,40.242529,-74.032533,location
USA,Texas,"Off Andy Bowie Park, Padre Island, near Port Isabel",26.0713575,-97.2185382,location
USA,Georgia,"St. Simons Island or Jeykll Island, Glynn County",31.21829,-81.36121,location
SOUTH AFRICA,Western Cape Province,"Millers Point, False Bay",-34.23028,18.47661,location
AUSTRALIA,Queensland,Cape Moreton,-27.03231,153.46785,location
USA,Connecticut,"Off Eames Monument, Bridgeport, Fairfield County",41.17923,-73.18945,location
MOZAMBIQUE,Delagoa Bay,Bella Vista,-26.3446227,32.6746495,location
PAPUA NEW GUINEA,Milne Bay Province,"Taupota, Samarai",-10.61038,150.66207,location
PAPUA NEW GUINEA,Madang,"Bimat, Bogia",-4.2711668,144.9643402,location
AUSTRALIA,Victoria,"Altona, Melbourne",-37.865327483,144.820522041,location
SOLOMON ISLANDS,Guadalcanal Province,"Trench’s Beach, Guadalcanal Island",-9.57062,160.13947,location
PAPUA NEW GUINEA,West New Britain Province,"Poi, Kombe Talasea",-5.66667,149.58333,location
AUSTRALIA,New South Wales,"Cronulla, near Sydney",-34.053486952,151.152818947,location
INDIA,Unknown,Off Trivandrum (west coast),8.5303733,76.9295569,location
AUSTRALIA,Queensland,"Ocean baths, Kissing Point Beach",-19.2495013,146.809185,location
USA,California,"10 miles off Redondo Beach, Los Angeles County",33.844983,-118.387244,location
AUSTRALIA,New South Wales,Nelson's Bay,-32.72043,152.14398,location
AUSTRALIA,Western Australia,Lancelin Island,-31.00667,115.3164,location
AUSTRALIA,South Australia,3 miles out to sea off Glenelg,-34.979832429,138.513523022,location
AUSTRALIA,New South Wales,Palm Beach,-33.602017401,151.323628914,location
USA,Maryland,North Beach,38.706999,-76.531569,location
AUSTRALIA,New South Wales,"First Beach, Forster",-32.22286090339,152.530036991331,location
USA,Florida,"40 miles off Islamorada, near Cay Sal",24.9351271,-80.6155336,location
CENTRAL PACIFIC,Unknown,68 miles east of Wallis Island,65.0,-15.0,location
SOLOMON ISLANDS,New Georgia,Munda,-8.22975,157.58188,location
SOUTH AFRICA,KwaZulu-Natal,"Danger Pool, Winkelspruit, South Coast",-30.09626,30.85583,location
SOUTH AFRICA,KwaZulu-Natal,"Warner Beach, South Coast",-30.4666656,30.6493895,location
USA,Texas,"West Bay, 19 miles from Galveston",29.519416116923,-94.995148023203,location
AUSTRALIA,New South Wales,"North Beach, Belligen River",-30.326148853622,152.72169399341,location
CHINA,North China,"Outer harbor, Hong Kong",42.780098474606,-82.512649616704,location
AUSTRALIA,New South Wales,South Cronulla,-28.861874201736,153.585314086445,location
AUSTRALIA,New South Wales,Botany Bay,-33.968435724,151.205163386,location
SOLOMON ISLANDS,Makira-Uluwa Province,Makira Island,-10.55751,161.78517,location
AUSTRALIA,New South Wales,Woy Woy  on the Brisbane Waters,-33.46667,151.33333,location
AUSTRALIA,New South Wales,"Dee Why, north of Queenscliff",-33.782443797,151.285093867,location
FIJI,Viti Levu Island,Navua,-17.84512,178.01903,location
SOUTH AFRICA,Eastern Cape Province,Kei River mouth,-32.0,26.0,location
SOLOMON ISLANDS,Central Province,Savo Island,-9.13087,159.81249,location
USA,Hawaii,Papaikou plantation,19.785750000759,-155.094670712682,location
PANAMA,Unknown,Panama Canal,8.99797,-79.59269,location
USA,Hawaii,"Off Diamond Head, Honolulu, O'ahu",21.267209112429,-157.811858759763,location
USA,Florida,"North Beach, St. Augustine",29.949449215591,-81.334585727515,location
SAMOA,Upolu Island,Apia Harbour,-13.82554,-171.7658,location
NEW ZEALAND,North Island,Auckland,-36.9208993,174.6837548,location
SOUTH AFRICA,Eastern Cape Province,"South Jetty, Port Elizabeth",-33.96109,25.61494,location
NEW ZEALAND,South Island,Campbell’s Point,-45.0323743,168.6739834,location
INDIA,Andaman Islands,Port Blair,11.66613,92.74635,location
USA,North Carolina,"Cedar Island, Carteret County",34.95044,-76.33103,location
FRANCE,Alpes Maritime,Antibes,43.581344179,7.12791404,location
AUSTRALIA,New South Wales,"Off Domain, Sydney Harbor",-33.891836485775,151.18106557577,location
CARIBBEAN SEA,Unknown,Between St. Bart's and Saba,,,failed
Australia,Western Australia,Gnarabup Beach,-33.990239,114.991084,location
USA,California,"Del Mar Beach, San Diego County",32.961243,-117.268402,location
SOUTH AFRICA,Western Cape Province,"Central Beach, Plettenberg Bay",-34.0594,23.3783,location
NEW CALEDONIA,Nouville,CHS Beach,-22.26024,166.40225,location
AUSTRALIA,South Australia,Gleneg,-34.979832429,138.513523022,location
FRENCH POLYNESIA,Tuamotu Islands,Tikehau,-18.43764,-141.34665,location
USA,Delaware,"Herring Point, Sussex County",38.546422813455,-75.222238435545,location
AUSTRALIA,New South Wales,Shellharbour,-34.570893436,150.740913808,location
AUSTRALIA,Queensland,"Woorim Beach, Bribie Island,",-27.06857,153.20399,location
USA,South Carolina,"Isle of Palms,  Charleston County",32.7884238,-79.7877544,location
CHINA,Liaoning Province,"Laohutan Ocean Park Aquarium, Dalian City",39.65,121.81667,location
MEXICO,Guerrero,Troncones,17.780000013,-101.722222236,location
AUSTRALIA,Queensland,Moffat Beach,-26.791895988,153.138579038,location
NEW ZEALAND,North Island,Baylys Beach,-36.7139511,174.7489405,location
AUSTRALIA,Queensland,Mooloolaba Beach,-26.6809567,153.1211058,location
SPAIN,Canary Islands,Gran Canaria,27.74641,-15.57466,location
USA,Florida,Bathtub Beach,27.186389,-80.160408,location
UNITED ARAB EMIRATES,"Sharjah,",Khor Fakkan,25.354846,56.3507569,location
NEW ZEALAND,South Island,"Porpoise Bay, Catlins",-46.66149,169.105338,location
USA,California,Monterey Bay,36.79996,-121.90107,location
AUSTRALIA,Western Australia,Injidup,-31.693971366175,115.728988140668,location
NEW CALEDONIA,Grand Terre,Poe Beach,-21.307791316,165.701841842,location
USA,Texas,Off Surfside,29.141962061632,-98.470743996724,location
BAHAMAS,Unknown,Off Andros Island,24.43333,-77.95,location
USA,North Carolina,"Oak Island, Brunswick County",33.912201,-78.106028,location
AUSTRALIA,Queensland,"Nerang River, Surfer's  Paradise",-28.00917532829,153.428386894604,location
USA,Florida,"Fort Pierce Inlet State Park, St. Lucie County",27.4842788,-80.3052946,location
USA,Louisiana,"Lake Ponchartain off Southshore Harbor, New Orleans",29.958559823056,-90.17922065479,location
USA,California,"Oceano Dunes State Beach, San Luis Obispo County",35.1063406,-120.6315547,location
JAPAN,Atsumi peninsula,Aichi,34.65919,137.24155,location
USA,California,"Butterfly Beach, Montecito, Santa Barbara County",34.41762,-119.6492,location
SEYCHELLES,Unknown,Ile Platte,-5.86667,55.38333,location
REUNION,Saint-Gilles,Boucan-Canot,-21.030911250867,55.225106736401,location
AUSTRALIA,Western Australia,Between Carnac and Garden Islands,-32.201925073,115.677124322,location
AUSTRALIA,Western Australia,Off Garden Island,-32.201925073,115.677124322,location
USA,California,"Pismo Beach, San Luis  Obispo County",35.141299,-120.642077,location
EGYPT,Sinai Peninsula,Sharm el-Sheikh,27.9158248,34.3262398,location
AUSTRALIA,New South Wales,Broken Head,-28.714707127,153.598694516,location
AUSTRALIA,New South Wales,Seal Rocks,-32.435970011,152.529398896,location
USA,South Carolina,"Litchfield Beach, Georgetown County",33.466477,-79.099894,location
NEW ZEALAND,South Island,Marfells Beach,-41.7409356,174.1542314,location
AUSTRALIA,Queensland,South Stradbroke Island,-27.86404,153.42321,location
EGYPT,Red Sea,Daedalus Reef,24.92832,35.85714,location
USA,California,"Will Rogers State Beach, Los Angeles County",34.0351,-118.5367,location
AUSTRALIA,New South Wales,"Shelly Beach, Crescent Head",-28.861355297158,153.59439733283,location
AUSTRALIA,New South Wales,Sandbar Beach,-32.3699984,152.4986603,location
USA,South Carolina,"Singleton Beach, Hilton Head Island, Beaufort County",32.1885703,-80.6993845,location
GRAND CAYMAN,East Wall,Jack McKenney's Canyon,19.3147026,-81.1839617,location
USA,California,"Kibesillah, Mendocino County",39.599143,-123.784377,location
USA,Florida,St. Augustine  St. Johns County,29.896004,-81.316709,location
USA,Florida,"Canova Beach, Brevard County",28.13918,-80.58033,location
USA,Florida,"Ponce de Leon Inlet, Volusia County",29.07248,-80.91866,location
SOUTH AFRICA,Western Cape Province,Scarborough,-34.198564392508,18.376972971466,location
USA,Oregon,Cape Kiwanda,45.21752,-123.97938,location
USA,Hawaii,"Hideaways Beach, Princeville, Kaua'i",22.22332,-159.49558,location
MADAGASCAR,Unknown,Shipwrecked Ferry M/V Samsonnette,-19.37694393,46.697882671,location
USA,North Carolina,"Bouges Bank, Emerald Isle, Carteret County",34.665859,-77.030128,location
USA,North Carolina,"Pine Island, Corolla, Currituck County",36.2598753,-75.7860346,location
USA,Florida,"Smyrna Dunes  Park, New Smyrna Beach, Volusia County",29.070211,-80.914962,location
NEW ZEALAND,South Island,Codfish Island (Whenua Hau) west of Stewart Island,-46.8971441,168.1289831,location
USA,Virginia,"Sandridge Beach, Virginia Beach, Princess Anne County",36.710041,-75.929749,location
SENEGAL,Cap Vert Peninsula,Yoff Island,14.73886,-17.4638,location
USA,Florida,"Daytona Beach Shores,  Volusia County",29.170157,-80.980442,location
USA,South Carolina,"Fripp Island, Beaufort County",32.3215105,-80.4779096,location
USA,Florida,"North Beach Inlet, St. Lucie County",27.438464747174,-80.329961498535,location
SOMALIA,Banaadir Region,Mogadishu,2.03711,45.34375,location
USA,Florida,"Huguenot Memorial Park, Duval County",30.4230166,-81.4127952,location
USA,Florida,"Little Talbot Island, Jacksonville, Duval County",30.4566299,-81.4167587,location
CARIBBEAN SEA,Unknown,Off Dominican Republic,18.4593702,-70.8308498,location
USA,Florida,"Brevard County, a mile north of Sebastian Inlet",27.8941201,-80.4653931,location
JAPAN,Sea of Japan,Kanazawa?,36.56105467,136.65651271,location
USA,North Carolina,"Between Wrightsville Beach & Carolina Beach, New Hanover County",34.234109993202,-77.923640021087,location
ITALY,Tyrrhenian Sea,"Golfo di Baratti, near Piombino (Tuscany)",42.99379,10.512784,location
USA,Virginia,"Coral Gardens Reef, 6 miles SSE of Chicoteague Inlet",37.114555,-81.997349,location
USA,Hawaii,"Barbers Point, O'ahu",21.2953148,-158.1012364,location
SOUTH AFRICA,KwaZulu-Natal,"Shark tank at Oceanographic Research Insitute, Durban",-29.8579,31.0292,location
USA,Florida,"Caloosahatchee River, Lee County",26.51702,-82.03315,location
ITALY,Tyrrhenian Sea,"Lacona, Isola d'Elba",43.9249709,11.8748917,location
USA,Florida,"Tampa Bay, Manatee County",27.47750411267,-82.357542644351,location
SOUTH AFRICA,Western Cape Province,Kalk Bay,-34.12752,18.44819,location
USA,Alabama,5 miles off the coast,32.288038731687,-85.151457723766,location
MEXICO,Guerrero,"Revolcadero Beach, Acapulco",16.7934784,-99.8255325,location
SOUTH AFRICA,Western Cape Province,Millers Point,-34.23028,18.47661,location
CROATIA,Istria County,Ika,45.25,13.91667,location
CROATIA,Istria,Ika,45.25,13.91667,location
MICRONESIA,Eastern Caroline Islands,Truk Lagoon,7.2099,147.94189,location
EGYPT,Red Sea,A few miles south of Port Suez,24.721772765377,34.141488462562,location
AUSTRALIA,New South Wales,"Dover Heights, Sydney",-33.870988061,151.28020626,location
MEXICO,Veracruz,Playa Villa del Mar,19.18223,-96.12401,location
JAPAN,Okayama Prefecture,Saidaiji,34.6624351,134.0414074,location
FIJI,Vita Levu,Naviti,-17.1117181,177.2431291,location
AUSTRALIA,Queensland,"Figtree Ledge, Hervey Bay",-25.2785,152.8362,location
NEW BRITAIN,"South Coast, East New Britain",Pomio,41.669696751081,-72.76504786875,location
AUSTRALIA,South Australia,Port Phillip Bay,-34.695355906922,138.708955057401,location
AUSTRALIA,Victoria,Flinders Island,-38.369660147365,141.404840531887,location
USA,Delaware,"Mispillion Light, Delaware Bay",38.947335,-75.314914,location
NEW ZEALAND,Cook Strait,Tory Channel,-45.74841,166.83005,location
PAPUA NEW GUINEA,Central Province,"Tupuselei Village, about 40 miles east of Port Moresby",-9.54933,147.31877,location
PAPUA NEW GUINEA,Madang (WO),"Off Taludig Village, at mouth of the Murnass River",-4.97938,145.78697,location
AUSTRALIA,South Australia,Millicent,-37.608701994,140.357783412,location
USA,New York,"Oak Beach, Fire Inlet",40.639834,-73.288597,location
USA,Florida,Miami,25.775084,-80.194702,location
PAPUA NEW GUINEA,"New Ireland Province, Bismarck Archipelago","Enuk Island, Kavieng",-2.57337,150.79516,location
USA,California,"Atascadero Beach, Morro Bay, San Luis Obispo County",35.410745631072,-120.80965380238,location
IRAN,Karun River,Hesamabad,30.1574993,52.5404739,location
USA,Puerto Rico,North coast,18.46829,-66.32097,location
AUSTRALIA,Victoria,"Portsea Beach, near entrance to Port Phillip Bay",-36.749187823,143.215518902,location
PANAMA,Gulf of Panama,60 miles offshore,30.336003806249,-85.422655954501,location
ITALY,Genoa  Province,Riva Trigoso,44.25958,9.42331,location
AUSTRALIA,Queensland,"Palm Beach North, 5 miles north of Burleigh Heads, Brisbane",-27.328600314133,153.011494443292,location
AUSTRALIA,Queensland,Yeppoon,-23.126352866,150.743135802,location
CUBA,Guantanamo Province,10 miles off Cape Maisi,20.24673,-74.15181,location
PAPUA NEW GUINEA,"New Ireland Province, Bismarck Archipelago","Punam Passage, Rataman census div, Namatanai",-3.6748612,152.4406433,location
PAPUA NEW GUINEA,Unknown,"Gaire Village, between Rigo & Port Moresby",-9.4670693,147.1960341,location
AUSTRALIA,Queensland,"Malagil, Barrier Reef",-23.296974995987,150.787599541023,location
AUSTRALIA,Torres Strait,Ota Reef,-9.561435995,142.288520258,location
AUSTRALIA,Torres Strait,Three Mile Reef off Lizard Island 50 miles north of Cooktown,-9.561435995,142.288520258,location
AUSTRALIA,Queensland,Off Eva Island 20 miles from Cardwell,-18.293153651,146.038790012,location
CAPE VERDE,Barlavento Islands,São Vicente,16.58333,-24.33333,location
BAHAMAS,New Providence District,"Nassau, New Providence Island",25.083448670825,-77.306002737667,location
AUSTRALIA,Victoria,Frankston,-38.150247881,145.108744223,location
AUSTRALIA,Western Australia,Glenelg,-15.8084,124.71448,location
AUSTRALIA,New South Wales,"Garden Island, Sydney",-33.85945,151.22898,location
USA,Virginia,"200 miles off Hampton Roads, Virginia, USA",37.239436976257,-80.396982655114,location
AUSTRALIA,South Australia,"West Beach, Brighton",-35.019413902193,138.516928207036,location
FIJI,Viti Levu Island,"Suva Harbor, Suva",-18.13125,178.41737,location
JAMAICA,Westmoreland Parish,Savanna-la-Mar,18.21895,-78.1332,location
CANADA,Halifax,"Slaunwhite's Ledge, Hubbard Cove",44.642723,-64.05178,location
IRELAND,Off Ireland,82 miles from Fastnet,38.41477,-86.99945,location
USA,Louisiana,"off Grand Lake, Cameron Parish",30.0299586,-93.2720647,location
AUSTRALIA,Victoria,Carrum,-38.076478203,145.127313862,location
USA,Delaware,"Lewes, Sussex County",38.772886,-75.140683,location
CROATIA,"Split-Dalmatia Count,","Sucurja, Hvar Island,",43.14083,16.72833,location
MEXICO,Oaxaca,Salina Cruz,16.187015688,-95.197302722,location
EGYPT,Suez Canal,Port Said,31.254071408246,32.275624632564,location
USA,North Carolina,"Southport, Brunswick County",33.924004,-78.020868,location
USA,Massachusetts,30 miles south of Lynn,42.458251859717,-70.964480467544,location
AUSTRALIA,Western Australia,"Dampier's Creek, Broome",-17.953563921512,122.244776792178,location
KIRIBATI,Line Islands,Flint Island,-11.42863,-151.81973,location
INDIA,Tamil Nadu,Tuticorin,8.76735,78.13425,location
BRAZIL,Unknown,Bahia,-12.475311328489,-41.721435781375,location
INDIA,West Bengal,Hoogly River,21.83231,88.03074,location
NEW ZEALAND,North Island,Napier,-39.491085,176.9150995,location
SRI LANKA,Eastern Province,Trincomalee,8.5778,81.2289,location
AUSTRALIA,South Australia,Belfast (now Port Fairy),-34.845197542,138.494852513,location
GUINEA,Conakry Region,Ile de Loss,9.60703,-13.597,location
USA,Hawaii,Palama,21.3216022,-157.8599835,location
USA,Florida,"Cape Sable, Monroe County",25.2729,-81.12147,location
FRANCE,Côte d'Azur,St. Tropez,43.2693435,6.6346367,location
EGYPT,Red Sea Protectorate,"Dream Beach, Hurguda",27.25738,33.81291,location
USA,Florida,"Blue Fish Channel, Key West, Monroe County",24.62459,-81.79759,location
USA,Louisiana,25 mikes from Empire,29.4017311,-89.6073263,location
AUSTRALIA,South Australia,Seacliff,-35.031933888,138.520757365,location
New Zealand,South Island,Pororari River,-42.1070545,171.3386231,location
AUSTRALIA,Queensland,North Stradbroke Island,-27.45855116,153.44033733,location
AUSTRALIA,Western Australia,Quondong Beach,-17.57917,122.153,location
AUSTRALIA,New South Wales,Turncurry Beach,-32.1698,152.5049718,location
AUSTRALIA,Queensland,Lucinda,-18.549645212,146.298108873,location
USA,California,"Ship Rock near Catalina, Los Angeles County",33.46271,-118.4919,location
USA,Georgia,"Wilmington River, Chatham County",31.92105,-80.93761,location
AUSTRALIA,Western Australia,"Guillotines surf break, Shire of Augusta Margaret River",-34.1152,115.32277,location
AUSTRALIA,New South Wales,Samurai Beach,-32.7649,152.12734,location
USA,California,"Beacons Beach, San Diego County",33.06584,-117.304913,location
USA,California,"Stillwater Cove, Monterey County",36.56385,-121.9419,location
NEW ZEALAND,North Island,"Off Tapuna Beach, Auckand",-36.854683150801,174.751483399975,location
EGYPT,Red Sea Protectorate,Marsa Ghalib,24.721772765377,34.141488462562,location
USA,Florida,St. Augustine,29.896004,-81.316709,location
SOUTH AFRICA,Western Cape Province,"Keurbooms Lagoon, Plettenberg Bay",-34.038,23.3782,location
USA,Florida,Mayport Naval Station  Duval County,30.394745,-81.410855,location
AUSTRALIA,Tasmania,Clifton Beach,-42.980991359,147.543006901,location
UNITED ARAB EMIRATES,Fujairah Emirate,35 miles off Fujairah,25.11641,56.34141,location
USA,Florida,"Fernandina Beach, Amelia Island, Nassau County",30.6686874,-81.4343693,location
THAILAND,Phuket,Karon Beach,7.839224881,98.294038388,location
USA,North Carolina,"Off Surf City, Pender County",34.425619,-77.546911,location
AUSTRALIA,South Australia,Fishery Bay,-34.7470956,135.8487067,location
USA,California,"Montaña de Oro State Park, San Luis Obispo County",35.2639,-120.8622,location
AUSTRALIA,Queensland,Rudder Reef,-16.2,145.71667,location
USA,California,"Leadbetter Beach, Santa Barbara County",34.40244,-119.69932,location
USA,North Carolina,"Figure Eight Island,  New Hanover County",34.27073,-77.74276,location
AUSTRALIA,Western Australia,Horizontal Falls,-25.474315693,122.184309326,location
SOUTH AFRICA,Western Cape Province,Simonstown,-34.1934,18.43585,location
USA,Florida,Delray Beach,26.4616338,-80.0731071,location
FRENCH POLYNESIA,Society Islands,Huahine,-17.17568,-150.38631,location
AUSTRALIA,Western Australia,"Trigg Beach, Perth",-31.877937,115.75177,location
USA,Florida,"Near Boynton Beach, Palm Beach County",26.5289113,-80.0641707,location
BAHAMAS,Eleuthera,Savannah Sound,25.08416,-76.13714,location
NEW ZEALAND,Mercury Islands,Great Mercury Island,-36.61667,175.8,location
USA,Massachusetts,"Ballston Beach, Truro, Cape Cod",42.0007801,-70.0204591,location
PAPUA NEW GUINEA,Central Province,"Hula, near Port Moresby",-10.09459,147.72766,location
SOUTH KOREA,Jeju Province,Jeju Island,33.40167,126.54611,location
SOUTH AFRICA,KwaZulu-Natal,"Two Mile Reef, Sodwana Bay",-27.53372,32.6719,location
AUSTRALIA,Queensland,"Dent Island, Whitsundays",-20.3,148.93333,location
USA,Florida,"Key Colony Beach, Monroe County",24.720757,-81.01894,location
NEVIS,Unknown,Castle Beach,17.150599873151,-62.58663514119,location
USA,Florida,"Carlin Park, Jupiter Inlet",26.92911,-80.06919,location
AUSTRALIA,New South Wales,"Surf Beach, Batemans Bay",-35.760417625,150.207419498,location
PHILIPPINES,Luzon,"off Paoay, Ilocos Norte Province",18.0616,120.5221,location
AUSTRALIA,New South Wales,"Clarks Beach, Byron Bay",-28.63969,153.62728,location
MEXICO,Guerro,Playa Linda,30.712211945,-114.706764444,location
FIJI,Yasawa Islands,Turtle Island,-16.79358,177.50689,location
NEW ZEALAND,North Island,"Raglan, Manu Bay",-37.8225592,174.8129668,location
USA,South Carolina,"34th Avenue North, Myrtle Beach, Horry County",33.71270638813,-78.859913126694,location
CHINA,Shanghai,"Ocean World, Changfeng Park",31.22222,121.45806,location
VANUATU,Malampa Province,Malakula (Malakula Island),-16.26997,167.50674,location
AUSTRALIA,Western Australia,Redgate Beach,-34.03917,114.99854,location
USA,Texas,1.5 miles off Surfside,28.943303,-95.297715,location
BRAZIL,Pernambuco,"Pau Amarelo Beach, Paulista District (17 km from Recife)",-8.0551894,-34.871176,location
VENEZUELA,Nueva Esparta,"El Yaqu, Isla de Margarita",10.98705,-63.93568,location
NEW ZEALAND,Southland,East side of Bench Island in the Foveaux Strait,-46.70843,168.01009,location
USA,Florida,A quarter mile north of Fort Pierce Inlet,27.4685536,-80.3492951,location
USA,Florida,"Wilbur-by-the-Sea, Volusia County",29.13137,-80.95755,location
USA,California,"1/4 to 1/2 m north of the jetty at Bunkers, Eureka, Humboldt County",40.769706000932,-124.218948010457,location
USA,Florida,"Lake Worth Inlet/West Palm Beach, Palm Beach County",26.852946684915,-80.053800165641,location
TONGA,Minerva Reef,Treated at Nuku-alofa,-21.1390711,-175.2009107,location
USA,Florida,"Seminole Avenue, Ormond Beach, Volusia County",29.285041638828,-81.039387257924,location
USA,California,"Off Ventura, Anacapa & Santa Cruz Islands",33.760742891468,-118.388459616522,location
SOUTH AFRICA,Western Cape Province,"Hospital Rock, Dyers Island",-33.04692,17.96995,location
USA,Missouri,St. Louis,38.635355,-90.2009855,location
TONGA,Vava’u,Neiafu,-18.623413033333,-173.9706555,location
USA,Mississippi,"Cat Island, Harrison County",30.22659,-89.10309,location
USA,Hawaii,"Kinikini, Mana, Kaua'i",22.03583,-159.76941,location
USA,Unknown,1200 miles east of New Jersey,39.683898781233,-75.10892574348,location
SOUTH AFRICA,Western Cape Province,Saxon Reef,-34.7,20.25,location
EL SALVADOR,La Libertad,El Cocal Beach,13.4877907,-89.32208,location
AUSTRALIA,New South Wales,"Julian Rocks, Byron Bay",-28.631810047003,153.585764536078,location
USA,Hawaii,"Wai'anae, O'ahu",21.446906,-158.188726,location
VANUATU,Malampa Province,"Port Sandwich, Malakula",-16.45,167.76667,location
USA,California,"Latigo Point / Paradise Cove,west of Malibu, Los Angeles County",34.021930775998,-118.786794538052,location
USA,Florida,"Fowey Rock, Key Biscayne",25.692497,-80.169556,location
SOUTH AFRICA,Eastern Cape Province,"Paradise Beach, Jeffrey’s Bay",-34.0910571,24.896905,location
USA,Florida,"Intracoastal Waterway, Boca Raton, Palm Beach County",26.399521948696,-80.069151274551,location
SOUTH AFRICA,KwaZulu-Natal,Mpande,-28.28333,31.41667,location
SOUTH AFRICA,KwaZulu-Natal,Anstey’s,-29.929658794625,31.014450624185,location
USA,Florida,10 miles off Cape Canaveral,28.388229,-80.605878,location
AUSTRALIA,Tasmania,"Cape Pillar, Storm Bay",-43.181784464,147.938728962,location
USA,Texas,Padre Island,26.8445,-97.36776,location
USA,Hawaii,"Ka'anapali, Maui",20.933749,-156.692455,location
SOUTH AFRICA,Western Cape Province,Macassar,-34.06405,18.76334,location
USA,Florida,"Crescent Beach, St. Johns County",29.768745,-81.253492,location
MICRONESIA,Namonuito Atoll,Pisarach (Pisaras),8.725,150.0,location
AUSTRALIA,Queensland,Broomfield Reef,-23.26879,151.94281,location
SOUTH AFRICA,KwaZulu-Natal,Brighton Beach,-29.9365979,31.0038845,location
MEXICO,Veracruz,Cabo Rojo,21.726656388,-97.558707778,location
USA,Texas,"South Jetty, Galveston",29.32968,-94.70742,location
SOUTH AFRICA,Eastern Cape Province,Riet River,-32.04807,26.15054,location
AUSTRALIA,Queensland,Near Brisbane,-27.470718612,153.024875611,location
PANAMA,Caribbean Sea,Golfo de los Mosquitos,9.0,-81.25,location
AUSTRALIA,New South Wales,Port Jervis,-35.059269148155,150.627461525591,location
PAPUA NEW GUINEA,New Britain,Near Rabaul,-4.1948704,152.1686478,location
SOLOMON ISLANDS,Ysabel Island,Susukana Plantation,-8.01667,159.41667,location
NEW ZEALAND,North Island,South of New Plymouth,-39.067930127218,174.03933748755,location
NEW ZEALAND,South Island,"Pigeon Bay, Canterbury",-43.7035,172.9049,location
USA,Florida,"500 yards from Fowey Rock Light, 9 miles east of Key Biscayne, Miami",25.775084,-80.194702,location
AUSTRALIA,Victoria,"Fairhaven Beach, Lorne",-38.4682064,144.0848736,location
SOUTH AFRICA,KwaZulu-Natal,Uvongo,-30.8353385,30.3906515,location
MID ATLANTIC OCEAN,Unknown,Venezuelan aircraft lost,40.242529,-74.032533,location
GREECE,Corfu Island,Kérkira,39.59828,19.85231,location
JAPAN,Izo Islands,"Mikura-jima Island, 150 miles south of Tokyo",33.89739103,139.59580109,location
USA,Georgia,200 miles east of Savannah,32.0573616,-81.0568713,location
PAPUA NEW GUINEA,Bougainville (North Solomons),"Kahuli, Buka Island",-6.25182,155.36247,location
PAPUA NEW GUINEA,"Admiralty Islands, Manus Province","Momote, Manus Island",-2.24338,147.40859,location
SOUTH AFRICA,KwaZulu-Natal,"Native Beach, Durban",-29.81691,31.0385825,location
USA,New York,"Beach 103rd Street, Rockaway",40.584604684234,-73.82443008735,location
USA,Florida,275 miles northeast of Miami,25.689997398616,-80.38224827516,location
NORTH PACIFIC OCEAN,Unknown,Aircraft went down on 6/12/1944. He survived on raft for 11 days and was 150 miles off Guam when rescued,40.242529,-74.032533,location
SOLOMON ISLANDS,Unknown,Battle of Guadalcanal,-9.63333,160.2,location
INDIA,West Bengal,Hooghley River near Budge-Budge,22.4403,88.21,location
AUSTRALIA,New South Wales,"St. George’s River at Moorebank, near Milperra Bridge",-33.986735598,151.07191187,location
TURKEY,Istanbul,"Haydarpasa jetty, Istanbul",40.99596,29.02459,location
AUSTRALIA,South Australia,"Port River, Adelaide",-34.8379579502,138.505308905361,location
FIJI,Yasawa Islands,Nabukeru,-16.8417401,177.4675106,location
CUBA,Havana Province,"Miramar, Havana",23.13302,-82.38304,location
AUSTRALIA,New South Wales,"White Bay, near Bald Rock Jetty, Sydney Harbor",-33.868719387,151.206957214,location
USA,Florida,"Sea Spray, Palm Beach",26.707793380686,-80.038548290905,location
PANAMA,Gulf of Panama,Taboga Island Bay,8.78957,-79.55767,location
SOUTH AFRICA,Western Cape Province,Little Brak River,-34.08286,22.14763,location
NEW ZEALAND,South Island,"Menzies Bay, Banks Peninsula,",-43.5857282,172.7291906,location
COSTA RICA,Turtle Bogue,Where Colorado River enters the sea,9.972837179,-84.196318439,location
NIGERIA,Lagos,Lagos,6.4931107,3.3841634,location
NEW ZEALAND,North Island,"Waikanae Beach, Gisborne",-38.6707824,178.0147882,location
EGYPT,Gulf of Suez,Off Ras Gharib,28.35831,33.07829,location
CROATIA,Primorje-Gorski Kotar County,Krk Island,45.07528,14.61694,location
ITALY,Calabria,Bagnara Calabra,38.2883864,15.8082958,location
USA,Hawaii,Off Kohala,19.056642035283,-155.76904532642,location
USA,New York,"Prince's Bay, Staten Island",40.525507,-74.200064,location
INDIA,West Bengal,Ganges River,23.839721,87.552623,location
NEW ZEALAND,North Island,"St. George's Bay, Auckland Harbor",-36.853987041643,174.783734680207,location
USA,North Carolina,"Morehead, Carteret County",34.723598,-76.729607,location
PERU,Unknown,Tumbez,-3.56694,-80.45153,location
AUSTRALIA,New South Wales,"Cockatoo Island, Sydney",-33.801029339058,150.803934562309,location
USA,New York,New York,40.7130466,-74.0072301,location
AUSTRALIA,New South Wales,Macleay River,-30.86667,153.01667,location
USA,Hawaii,"Maliu, Hawai'i",20.218105687129,-155.860431349849,location
PANAMA,Las Perlas archipelago,Taboga & Isla del Rey,8.39087,-79.02603,location
PORTUGAL,Norte,9 nm off Vila do Conde,41.3537975,-8.7428718,location
AUSTRALIA,South Australia,D’Estrees Bay near Kangaroo Island,-35.929591158,137.594360133,location
AUSTRALIA,Queensland,"Greenmount Beach, Coolangatta",-28.1662,153.5426,location
AUSTRALIA,Western Australia,Cull Island / Esperance,-33.827040392825,121.908984427298,location
SEYCHELLES,Praslin,Amitié Beach,-4.32146,55.72394,location
AUSTRALIA,Northern Territory,"Nightcliff Jetty, Darwin",-12.38772,130.84619,location
AUSTRALIA,Northern Territory,Off Nhulunbuy,-12.182102275,136.782561785,location
AUSTRALIA,New South Wales,Arrawarra Headland,-30.068030807,153.199471639,location
USA,Florida,"Destin, Okaloosa County",30.3936755,-86.4956633,location
EGYPT,Suez,Ain Sokhna,29.58902,32.33597,location
USA,Florida,"Corners Beach, Jupiter, Palm Beach County",26.942207558808,-80.080291407193,location
USA,Hawaii,"Kehena Beach, Hawaii",19.39356,-154.9301,location
USA,California,"Deer Creek Beach, Ventura County",34.0592787,-118.975156,location
USA,Florida,Macarthur State Park,26.6691383,-80.0699431,location
USA,Florida,"Casino Beach, Pensacola, Escambia County",30.3317477,-87.1410901,location
USA,Hawaii,Pohoiki,19.45797,-154.84371,location
USA,Hawaii,"Ka'a Point, Maui",20.85632,-156.82905,location
AUSTRALIA,Western Australia,African Reef off Geraldton,-28.80252,114.61855,location
AUSTRALIA,Western Australia,Ocean Reef,-31.75808771,115.737240457,location
AUSTRALIA,New South Wales,Angourie,-29.479241263,153.359289724,location
DOMINICAN REPUBLIC,Samaná Province,Playa Jackson,19.27228,-69.69389,location
TURKS & CAICOS,Middle Caicos,Mudjin Harbor,21.836227,-71.8138306,location
SOUTH AFRICA,Western Province,Fish Hoek,-34.13419,18.42484,location
USA,California,"Shell Beach, San Luis Obispo County",35.153322,-120.67374,location
TAIWAN,Off Green Island,Onboard the fishing vessel Chin Sheng Fa 13,23.752816021,120.953463961,location
SOUTH AFRICA,Western Cape Province,Off Cape Point,-34.35717,18.49752,location
NEW ZEALAND,North Island,Haumoana,-39.6042747,176.946053,location
BRAZIL,Bahia,Guarajuba,-12.6502072,-38.0738317,location
USA,Florida,"Opposite Patrick Air Force Base, Brevard County",28.2141861,-80.6105797,location
USA,Florida,"Islamorada, Monroe County",24.9351271,-80.6155336,location
NEW CALEDONIA,North Province,Kaala-Gomen,-20.66667,164.4,location
AUSTRALIA,New South Wales,Cape Howe,-34.05152,151.15248,location
AUSTRALIA,South Australia,"Brighton Beach, Adelaide",-35.0193243,138.5148673,location
AUSTRALIA,South Australia,"Middle Beach, 40 km north of Adelaide",-34.583652288648,138.494317149437,location
USA,Florida,"Long Key, Monroe County",24.824711,-80.81533,location
USA,Florida,"Big Bayou, St. Petersburg, Pinellas County",27.74142,-82.63426,location
EGYPT,Sinai Peninsula,The lagoon at Dahab,28.4889336,34.5015646,location
USA,Florida,"Coral Cove Park, Jupiter Inlet, Palm Beach County",26.9631396,-80.0789406,location
AUSTRALIA,New South Wales,"Coogee Bay, near Sydney",-33.920492768884,151.254484275159,location
AUSTRALIA,New South Wales,"Flat Rock Beach, Lennox Head",-28.813397609,153.596179398,location
USA,South Carolina,"Off 21st Avenue, Isle of Palms, Charleston County",32.791924621355,-79.784900899563,location
NEW ZEALAND,Cook Islands,"Arorangi, Rarotonga",-40.232700881,175.618782497,location
SOUTH AFRICA,KwaZulu-Natal,South of Durban,-29.835670834205,30.995563920173,location
USA,Florida,"Neptune Avenue, Ormond Beach, Volusia County",29.299749000818,-81.047989174857,location
USA,Florida,"Fort Pierce Inlet, St. Lucie County",27.47019,-80.29106,location
USA,Florida,"World Typhoon Lagoon, Disney Water Park, Orange County",28.36584,-81.52961,location
USA,Florida,"Atlantiic Beach, Duval County",30.3336079,-81.397624,location
USA,Hawaii,"Olowalu side of Lahina, Maui",20.810830707574,-156.622883191622,location
SOUTH AFRICA,Eastern Cape Province,Sardinia Bay near Port Elizabeth,-34.03693,25.50455,location
BRAZIL,Rio de Janeiro,"Copacabana, Rio de Janeiro",-22.9678525,-43.1789833,location
USA,Florida,In Gulf of Mexico 17 miles off Weeki Wachee,28.516852,-82.582536,location
REUNION,Unknown,la Pointe-au-Sel,-21.19898,55.28338,location
SOUTH AFRICA,Western Cape Province,"The Steps, Wilderness",-33.99385,22.57574,location
USA,South Carolina,"North Forest Beach, near Hilton Head, Beaufort County",32.143398,-80.750177,location
USA,California,Between Santa Cruz Island and Santa Barbara,36.714967715887,-119.572531012619,location
EL SALVADOR,La Libertad,La Libertad,13.4877907,-89.32208,location
SOUTH AFRICA,Western Cape Province,Miller’s Point,-34.23028,18.47661,location
USA,California,"Off Palos Verdes Estates, Los Angeles",33.800192,-118.390445,location
USA,Florida,"Shell Island Panama City Beach, Bay County",30.118689,-85.721049,location
SOUTH AFRICA,Western Cape Province,Sculphoek,-34.43484,19.20405,location
SOUTH AFRICA,KwaZulu-Natal,Umzimkulu,-30.2650598,29.9386015,location
SOUTH AFRICA,Eastern Cape Province,Great Fish River,-32.1,25.03333,location
USA,Hawaii,"White Plains Beach, Barbers Point, O'ahu",21.3035,-158.0452,location
USA,Hawaii,"Ha'ena Beach Park, Kaua'i",22.21992,-159.56616,location
NEW CALEDONIA,North Province,Ile Yandé (between Poum and Bélep),-19.73333,163.66667,location
USA,Florida,"Municipal Beach, Boyton Beach, Palm Beach County",26.5582888,-80.1379666,location
USA,New Jersey,"Sandy Hook, Monmouth County",40.44346,-73.98788,location
AUSTRALIA,South Australia,(Point Sinclair) Penong,-32.004927599964,132.988869789052,location
SOUTH AFRICA,Western Cape Province,"Beespens, False Bay",-34.17286,18.66443,location
CROATIA,Zadar County,Novigrad,44.19417,15.55667,location
USA,Texas,Packery Channel,27.62476,-97.21471,location
PAPUA NEW GUINEA,New Ireland Province,"Mission Beach, Lambon Island, near Duke of York Islands",-4.79506,152.84635,location
AUSTRALIA,Western Australia,Roe Reef off Rottnest Island,-32.007488242,115.520328532,location
ITALY,Taranto province,"Pulsano, near Taranto",40.46438,17.24707,location
USA,Texas,Bolivar Peninsula,29.482604,-94.570869,location
PHILIPPINES,Unknown,Off Cebu,10.31672,123.89071,location
AUSTRALIA,Western Australia,"Bathurst Reef, Rottnest Island",-32.007488242,115.520328532,location
AUSTRALIA,South Australia,55 miles south of Adelaide,-34.856524112086,138.521843205786,location
PAPUA NEW GUINEA,Central Province,Near Fisherman's Island,-10.0,148.0,location
SOUTH AFRICA,Eastern Cape Province,Humewood,-33.97426,25.63634,location
AUSTRALIA,Queensland,Noosa Heads,-26.394060396,153.089098526,location
PERSIAN GULF,25 km off the coast of Iran & 483km from mouth of Persian Gulf,Khark Island,-7.330592431037,144.824576272837,location
PAPUA NEW GUINEA,"Admiralty Islands, Manus Province","Rossun, Manus",-2.24338,147.40859,location
AUSTRALIA,Western Australia,Carnac Island,-32.12413,115.6649,location
USA,Florida,Haulover Inlet,25.901279,-80.121971,location
AUSTRALIA,Western Australia,Frenchman Bay,-35.093464738,117.948499598,location
PHILIPPINES,North Palawan,Cabuli Island,11.4331,119.5017,location
PAPUA NEW GUINEA,West New Britain Province,"East Nakanai, Talasea",-5.66667,149.58333,location
NEW ZEALAND,North Island,North Auckland,-36.828895418273,174.812399184524,location
PAPUA NEW GUINEA,Central Province,"Paga Point, Port Moresby",-10.0,148.0,location
BERMUDA,South shore,Elbow Beach,32.272683,-64.7774184,location
AUSTRALIA,New South Wales,"Boat Harbour, north of Cronulla",-34.069732876359,151.15305691272,location
MAURITIUS,Port Louis Province,Port Louis,-20.16667,57.525,location
PACIFIC OCEAN,Unknown,In Los Angeles – Honolulu yacht race,40.242529,-74.032533,location
SOUTH AFRICA,Eastern Cape Province,Port St. Johns,-31.62291,29.54477,location
NEW GUINEA,Madang Province,Manam Island,-4.07714,145.0377,location
USA,Florida,"Rock Harbor, Key Largo, Monroe County",25.07679,-80.46034,location
PANAMA,Canal Zone,300 yards west of mouth of the Chagres River,9.132011094325,-80.106714980029,location
USA,South Carolina,"Oketee River, Jasper County",32.434250124206,-81.002746341636,location
NEW GUINEA,"Abau Sub District, Central Province",Kerpuna,-10.08333,148.91667,location
GREECE,Attica,Keratsini,37.9599249,23.626184,location
ITALY,40 miles south of Naples,Tyrrhenian Sea,40.9193922,14.3008539,location
SOLOMON ISLANDS,Unknown,Off Guadalcanal,-9.63333,160.2,location
SOUTH AFRICA,Western Cape Province,Clifton,-33.93684,18.37914,location
BAHAMAS,Cay Sal Bank,Anchored off the largest island in the group,25.04082,-77.37122,location
AUSTRALIA,Queensland,"Surfers Paradise, near Southport",-28.002705698834,153.429147411803,location
VENEZUELA,Carabobo,"El Falito, near Puerto Cabello",10.4652556,-68.0332187,location
AUSTRALIA,New South Wales,"Lady Martin’s Beach, Sydney Harbor",-33.865,151.2535,location
CROATIA,Adriatic Sea,"Susak (Rijeka, Istria)",45.32934,14.43552,location
AUSTRALIA,New South Wales,Off Mooloolabah,-32.175903816,147.009716541,location
AUSTRALIA,New South Wales,North Steyne,-33.791426044312,151.2869958352,location
AUSTRALIA,Torres Strait,"Barrow Point, 100 miles north of Cooktown, Queensland",-9.561435995,142.288520258,location
FIJI,Viti Levu Island,Tamavua River,-17.84512,178.01903,location
AUSTRALIA,Queensland,"Barrow Point, 100 miles north of Cooktown, Queensland",-15.464030069,145.168718508,location
BRAZIL,Porto Seguro,90 miles off Albrohos Island,-16.4508765,-39.0643332,location
AUSTRALIA,New South Wales,"Kiah Creek, Eden",-37.071384637184,149.894231418098,location
BERMUDA,Unknown,18 miles southwest of Bermuda,32.306817732,-64.770041837,location
HAITI,Cape Haitien,Marine Dock,19.75938,-72.19815,location
USA,Florida,"Near Panama City, Bay County",30.1852107,-85.7308328,location
PHILIPPINES,Luzon Island,Canacao Bay,14.688759392448,121.001617382747,location
AUSTRALIA,New South Wales,"Fig Tree Bridge, Lane Cove River, near Sydney",-33.814293918372,151.156607236522,location
USA,Texas,"Texas City, Galveston",29.384016,-94.902549,location
ITALY,Ancona Province,Ancona,43.5942,13.50337,location
YEMEN,Aden,Outer Harbor,12.77944,45.03667,location
LEBANON,Unknown,Off Tripoli,34.4267296,35.8423971,location
FRENCH POLYNESIA,Unknown,One week out of Pápete,-17.5372634,-149.5660301,location
SOUTH AFRICA,Eastern Cape Province,"Mzimvubu River, 9.6 km from the sea",-31.62828,29.54935,location
INDIA,Unknown,"At Panihattu, Barrackpore, Dackhineshwar, Barahonagore, Kashipur & Chitpur down to Baug Bazar ghats",22.6039004,88.3676641,location
USA,Georgia,Cumberland Island,30.85107,-81.44843,location
USA,South Carolina,Off the Battery,32.124328342682,-80.803187775311,location
ENGLAND,Norfolk,Hunstanton,52.938905691,0.488916832,location
USA,CUBA,Near Havana,27.9455467,-82.4437612,location
INDIA,Kerala,River Cochin,9.967857780356,76.242191228506,location
USA,South Carolina,"Sea Pines Beach, Hilton Head Island, Beaufort County",32.155978545349,-80.762820153768,location
SOUTH AFRICA,Easten Cape Province,"Supertubes, Jeffreys Bay",-34.04526,24.92146,location
USA,Mississippi,Horn Island,30.2402,-88.6878,location
AUSTRALIA,Western Australia,"Royal Perth Yacht Club, Swan River",-31.985492,115.824012,location
AUSTRALIA,Queensland,"Hook Island, Whitsundays",-20.11284,148.92895,location
USA,Florida,Off Tampa Bay,27.129057980666,-81.886194485633,location
AUSTRALIA,Western Australia,"Toms Surf break, Hamersley Pool, North Beach, Perth",-31.863104482844,115.755176423198,location
AUSTRALIA,Western Australia,North Cottesloe,-32.405636145896,115.760027650339,location
BAHAMAS,Abaco Islands,Treasure Cay,25.11667,-77.25,location
USA,Hawaii,Kukio Beach,19.8222,-155.9963,location
USA,Hawaii,"Hultin's Beach, Oahu",19.413473005133,-154.964052501584,location
USA,Washington,"South Beach, Westport, Grays Harbor County",46.951674091798,-123.819700901536,location
SPAIN,Ibiza Island,Playa d’en Bossa,38.89583572701,1.414275053786,location
SOUTH AFRICA,Western Cape Province,"Keurbooms, Plettenberg Bay",-34.05274,23.3716,location
SOUTH AFRICA,KwaZulu-Natal,Eastmoor Crescent Beach,-29.742413869127,31.078229588043,location
USA,Florida,Jensen Beach,27.2444691,-80.2252736,location
USA,South Carolina,"Kingston Plantation, Myrtle Beach, Horry County",33.77156218729,-78.776892695834,location
USA,California,"Refugio State Beach, Santa Barbara County",34.460859,-120.07392,location
AUSTRALIA,Queensland,"Happy Valley Beach, Caloundra",-26.806909512274,153.135244045821,location
AUSTRALIA,New South Wales,North Shelly Beach,-28.861355297158,153.59439733283,location
REUNION,Saint-Gilles-les-Bains,Cap Homard,-21.034957513739,55.220312017611,location
USA,Delaware,"Cape Henlopen State Park, Sussex County",38.7523184,-75.1708039,location
USA,Florida,Miami Beach,25.7922359,-80.134852,location
USA,California,"Pillar Point, Half-Moon Bay, San Mateo County",37.4955,-122.498,location
BAHAMAS,Abaco Islands,Scotland Cay,26.6461,-77.07071,location
SOUTH AFRICA,Eastern Cape Province,Queensberry Bay,-32.88024,28.10298,location
MEXICO,Quintana Roo,"Seagull Beach, Cancun",21.04716,-86.781947,location
USA,Hawaii,Ka’anapali Shores,20.921727262506,-156.693271826184,location
AUSTRALIA,Queensland,Bullcock Beach,-26.8067549,153.1317768,location
REUNION,Unknown,Cap La Houssaye,-21.018582,55.238163,location
REUNION,Saint-Gilles,Brisants.,-21.058354427308,55.2230018763,location
SOUTH AFRICA,KwaZulu-Natal,Palm Beach,-30.9820203,30.2705772,location
USA,North Carolina,"Figure Eight Island, Wilmington, New Hanover County",34.270692,-77.748676,location
BRAZIL,Rio Grande Do Sul,"Atlantis Beach, near Tramandai",-30.0102013,-50.1519168,location
AUSTRALIA,Northern Territory,Near Croker Island,-11.17268,132.5267,location
USA,Hawaii,"Kamilo Point, Hawai'i",18.97509,-155.59566,location
SCOTLAND,Easter Ross,Balintore Bay,57.83333,-4.6,location
USA,North Carolina,"Hammocks Beach State Park, Bear Island, Onslow County",34.6718589,-77.141822,location
USA,North Carolina,"Atlantic Beach, Carteret County",34.701134,-76.740173,location
ENGLAND,Kent,Folkestone,51.081723621,1.18031667,location
NEW ZEALAND,Cook islans,Penhryn Island,-43.06667,173.08333,location
AUSTRALIA,Victoria,"Winki Pop, Bells Beach",-38.36808,144.28495,location
PHILIPPINES,Surigao del Norte,"Off Bilisan Point, Hinatuarn Island",9.78306,125.71556,location
AUSTRALIA,Queensland,"Point Vernon, Hervey Bay",-25.256804122,152.818640402,location
AUSTRALIA,Western Australia,"Off City Beach, Perth",-31.92850976,115.766119607,location
USA,Florida,"Howard E. Futch Memorial Park at Paradise Beach, Brevard County",28.1233235,-80.5754143,location
USA,New Mexico,"Albuquerue Aquarium, Albuquerue",35.084248,-106.649241,location
NEW ZEALAND,Northlands,90 Mile Beach,-34.89931,173.085767,location
COSTA RICA,North Pacific coast,Playa Tamarindo,10.29913,-85.84107,location
USA,Florida,"Opposite main gate at Patrick Air Force Base, Cape Canaveral, Brevard County",28.4185793,-80.6102039,location
USA,Florida,"St. Augustine Beach, St. Johns County",29.852015,-81.267319,location
AUSTRALIA,Western Australia,"Leighton Beach, south of North Cottesloe",-32.011478179,115.751616505,location
USA,Florida,"Coquina Beach, Anna Maria Island, Manatee County",27.5257,-82.7381,location
USA,Florida,"Marathon , Monroe County",24.71113,-81.09472,location
USA,Florida,"Boca Ciega Bay, Tampa, Pinellas County",27.80586,-82.78594,location
AUSTRALIA,New South Wales,Whale Beach,-33.612840515,151.330863328,location
USA,Hawaii,"Waiokapua Bay/Majors Bay, Brennecke Beach, Poipu, Kaua'i Island",21.876705,-159.464115,location
SOUTH AFRICA,Eastern Cape Province,"Breezy Point, Ntlonyana",-32.10626,28.81086,location
USA,Florida,"Bayshore Garden, Sarasota Bay, Sarasota County",27.361897494125,-82.553909031001,location
AUSTRALIA,New South Wales,"Wreck of paddle steamer, Koputai, 6 km off Bondi Beach",-33.889387797,151.272464529,location
USA,South Carolina,"Ocean Lakes Campground, south of Myrtle Beach, Horry County",33.627338483426,-78.952929377968,location
USA,California,"LaJolla Shores, San Diego County",32.855603,-117.253648,location
AUSTRALIA,Queensland,"Line Reef, northeast of Hamilton Island, Whitsundays",-20.34602,148.95193,location
AUSTRALIA,South Australia,"Lipson Cove, Tumby Bay",-34.251660258893,136.233288040621,location
BRAZIL,Maranhão,"Praia da Marcela, São Marcos Bay",-2.4882842,-44.2963325,location
SOUTH AFRICA,Western Cape Province,Oudekraal,-33.98358,18.35826,location
USA,Florida,"Perdido Key near the Florida Panhandle, Escambia County",30.3002,-87.42748,location
AUSTRALIA,Queensland,SeaWorld Theme Park,-27.960476,153.425589,location
USA,Oregon,"Indian Beach, Ecola State Park, just north of Cannon Beach, Clatsop County",45.915970433933,-123.96670956689,location
SOUTH AFRICA,Western Cape Province,Still Bay,-34.3693,21.40748,location
USA,Hawaii,"Little Glass Shacks, Princeville, Kaua'i",22.2219031,-159.4828082,location
NEW CALEDONIA,South Province,Amedee Island,-21.75,165.83333,location
AUSTRALIA,New South Wales,Suffolk Park,-28.683016915,153.605046779,location
ITALY,Tyrrhenian Sea,"Biodola, Isola d'Elba",43.9249709,11.8748917,location
SOUTH AFRICA,Western Cape Province,Klein River Lagoon,-34.41189,19.38158,location
USA,South Carolina,"Windy Hill, near Myrtle Beach, Horry County",33.79351,-78.72835,location
SOUTH AFRICA,KwaZulu-Natal,Tongaat,-29.576924219117,31.100489035144,location
AUSTRALIA,Tasmania,Tasman Island,-43.23818,148.00249,location
SOUTH AFRICA,Western Cape Province,Buffels Bay,-33.56667,18.35,location
USA,Florida,"Matanzas Inlet, St Johns County",29.8155837,-81.2691629,location
USA,Hawaii,Hawaii,21.439542579,-157.94363193,location
AUSTRALIA,New South Wales,Stockton Bight,-32.836428430755,151.847075513956,location
CROATIA,Primorje-Gorski Kotar County,Bakar,45.30861,14.53028,location
AUSTRALIA,New South Wales,Bellambi,-34.36800546,150.913261288,location
Unknown,Unknown,Florida Strait,28.0566,-82.2973,location
USA,Florida,American Shoals off Key West,24.52654,-81.52286,location
TAIWAN,Northern Taiwan,"Tamsui Beach, Taipai",25.172091833333,121.4378634,location
AUSTRALIA,Western Australia,Hamelin Bay,-34.229273651,115.056952678,location
NEW ZEALAND,"Off the Coromandel Peninsula, North Island",Alderman Islands,-37.1841874,175.5683242,location
USA,Florida,"Ocean Ridge, Boca Raton, Palm Beach County",26.397817593208,-80.065857611447,location
USA,New York,Whitewood Point on Lloyd Neck in Oyster Bay,40.872104,-73.53075,location
AUSTRALIA,New South Wales,Otford,-34.212197546,151.002737951,location
NORTH PACIFIC OCEAN,Wake Island (EnenKio),"Leeward side of island, directly in back of Mid-Pac barrel storage area",40.242529,-74.032533,location
PHILIPPINES,Queaon,Between Unisan & Angadanan Islands,16.8318123,121.7975345,location
USA,California,"Coronado Strand, San Diego County",32.840345816111,-116.96662320821,location
PAPUA NEW GUINEA,Central Province,"Fisherman's Island, near Port Moresby",-10.0,148.0,location
PAPUA NEW GUINEA,New Ireland,Lavongai,-2.692,151.03374,location
PAPUA NEW GUINEA,Central Province,"Kila Beach, Port Moresby",-10.0,148.0,location
EL SALVADOR,La Libertad,50 miles off Port La Libertad,13.4877907,-89.32208,location
SRI LANKA,Southern Province,Dodnduwa,6.0962,80.1351,location
MEXICO,Tamaulipas,"Miramar Beach, Tampico",22.31680934905,-97.889964645674,location
AUSTRALIA,New South Wales,"Watson Taylor's Lake, 25 miles south of Port Macquarie",-31.694278434744,152.734062477717,location
AUSTRALIA,New South Wales,"Knobby's Beach, Newcastle",-32.9238,151.7928,location
IRAN,Khuzestan Province,"Dorquain, on the Karun River",32.1789,49.2502,location
PHILIPPINES,In transit between Tinian and Leyte,200 miles Leyte,11.3696997,124.4868702,location
AUSTRALIA,Queensland,Maroochydore Beach,-26.6545,153.1036,location
IRAQ,Unknown,River Tigris,30.59064,47.76907,location
AUSTRALIA,Queensland,"Trinity Beach, 17 km northwast of Cairns",-16.788042509,145.695967659,location
ITALY,Liguria,Savona,44.3110703,8.4772463,location
INDIAN OCEAN,West of Ceylon (Sri  Lanka),300 nm from shore,40.242529,-74.032533,location
PACIFIC OCEAN,Off coast of Ecuador,Between Esmeraldas & Salinas,40.242529,-74.032533,location
PAPUA NEW GUINEA,"Abau Sub District, Central Province",Aroma Passage,-10.25661,147.93031,location
USA,California,"Near Encino, Los Angeles County",34.158848,-118.499381,location
USA,California,"Dana Point, Orange County",33.472763,-117.698779,location
AUSTRALIA,Torres Strait,Off Bathurst Island,-10.204054749,142.296162731,location
USA,Hawaii,"Honokohau, Maui",20.97917,-156.59917,location
CUBA,Havana Province,"Miramar subdivision, Havana",23.11783,-82.43025,location
COSTA RICA,Limón Province,Off Porto Limon,9.99074,-83.03596,location
MAURITIUS,Unknown,Two miles from shore in Tamarind Bay,-20.283556219,57.571817464,location
AUSTRALIA,New South Wales,Bellambi Reef,-34.37361,150.93472,location
FIJI,Viti Levu group,Beqa,-18.3907506,178.1295395,location
SPAIN,Balearics,Isla Cabrera,39.14264,2.9464,location
PANAMA,Colón Province,Cristobal,9.35006,-79.9004,location
AUSTRALIA,New South Wales,20 miles off Sydney,-33.917474548294,150.995514211708,location
ITALY,Unknown,Naples,40.8399833,14.2525421,location
USA,Texas,"Near Port Lavaca, Calhoun County",28.6148122,-96.6261532,location
PHILIPPINES,Zamboanga del Sur Province,"Near mouth of River Cumalarang, 5 miles from Port Isabela, Basilan Island",6.70407,121.97117,location
AUSTRALIA,Victoria,"Governor's Reef, Port Phillip Bay",-38.010468,145.0930891,location
SPAIN,Unknown,Cadiz,36.5297453,-6.2926477,location
USA,New York,Between Manhattan and The Bronx,40.917992010209,-73.782419019277,location
USA,Hawaii,Laysan,25.77083,-171.7375,location
AUSTRALIA,Western Australia,Freemantle,-32.069123709,115.746404807,location
USA,Louisiana,25 miles off Empire,29.4017311,-89.6073263,location
BAHAMAS,Unknown,Green Cay,26.5496,-77.15281,location
USA,Florida,"Sawyer Key , Monroe County",24.75875,-81.56536,location
AUSTRALIA,New South Wales,Warriewood,-33.688910502,151.294580769,location
MEXICO,Quintana Roo,Mahahual,18.758093611,-87.700154167,location
AUSTRALIA,Queensland,Sudbury Island,-27.562193007205,152.94530135115,location
AUSTRALIA,Western Australia,Kelp Beds Beach (Kelpies),-25.474315693,122.184309326,location
USA,Florida,Near Key Largo,25.130026,-80.405962,location
USA,Florida,"Off Gasparilla Island, Charlotte County",26.964084933689,-82.072332497775,location
USA,California,"Sand Dollar Beach, Santa Cruz County",36.922569302183,-121.852706980274,location
USA,North Carolina,"Fort Macon State Beach, Carteret County",34.703637791022,-76.711252489538,location
NEW ZEALAND,North Island,Matauri Bay,-35.028336,173.9143755,location
USA,Hawaii,"Shipwreck’s Beach, Keoneloa Bay, Kauai",21.873184827369,-159.446285332794,location
USA,California,"Sunset Beach, Orange County",33.716327,-118.069515,location
AUSTRALIA,Queensland,Eva Rock,-26.73731,153.05237,location
BRAZIL,Pernambuco,Fernando de Noronha Marine Park,-3.86042,-32.41558,location
AUSTRALIA,Queensland,"Boot Reef, Torres Strait",-9.561435995,142.288520258,location
USA,Florida,"Avalon State Park Beach, North Hutchinson Island, St Lucie County",27.5385001,-80.3158739,location
USA,Hawaii,"Kamaole Beach Park I, Maui",20.7222,-156.4479,location
USA,California,"Surfside, Orange County",33.72762,-118.082212,location
AUSTRALIA,Queensland,Palm Cove,-16.742322086,145.666913249,location
USA,Hawaii,"Kalapaki Beach, Kauai",21.96052,-159.35018,location
USA,Texas,"Pirates Beach, Galveston",29.20208,-94.940605,location
NEW ZEALAND,North Island,Cormandel,-41.1365449,174.83883,location
AUSTRALIA,Western Australia,Bald Island,-34.94242,116.4851,location
MOZAMBIQUE,Inhambane Province,"Nahaduga, Inhambane Bay",-23.78157,35.40396,location
SPAIN,Alicante,"Poniente Beach, Benidorm",38.537275,-0.1404609,location
AUSTRALIA,South Australia,"Parsons Beach,  Fleurieu Peninsula",-34.751583379,137.480916284,location
AUSTRALIA,Western Australia,"Little Island, near Hillarys",-31.807368069,115.745418335,location
USA,Florida,"Carlin Park, Jupiter, Palm Beach County",26.92911,-80.06919,location
JAMAICA,Kingston Parish,Pedro Cays,17.96667,-76.8,location
USA,Florida,"Seaport, Brevard County",28.300351108222,-80.70119487572,location
AUSTRALIA,Queensland,Wurtulla,-26.755036297,153.127536265,location
COLUMBIA,San Andrés archipelago,Albuquerque Cay,12.52449,-81.71983,location
AUSTRALIA,Western Australia,Red Bluffs,-18.8,126.46667,location
AUSTRALIA,New South Wales,"Jimmys Beach, Port Stephens",-32.735453541,151.886602806,location
AUSTRALIA,Queensland,"Three Mile Creek, Townsville",-19.366087005178,146.730391078969,location
AUSTRALIA,New South Wales,Point Plomer,-31.31735,152.97031,location
PHILIPPINES,Batangas province,Mabini,13.75324,120.94049,location
NEW CALEDONIA,South Province,Bourail,-21.5669,165.49736,location
USA,Florida,"Lovers Key State Park, Bonita Springs, Lee County",26.403504,-81.877518,location
NEW CALEDONIA,Loyalty Islands,"Bay of Luengoni, Lifou Island",-20.88333,167.21667,location
USA,California,"Bean Hollow State Beach, San Mateo County",37.225592,-122.4092967,location
USA,Florida,Sebastian Inlet,27.8610552,-80.4499408,location
AUSTRALIA,New South Wales,"Bondi, Sydney",-33.892808603,151.263011797,location
AUSTRALIA,Queensland,"Amity Point, North Stradbroke Island",-27.4066463,153.4499293,location
USA,Oregon,"Tillamook Head, Clatsop County",45.94645,-123.99322,location
USA,Hawaii,"Honokowai, Maui",20.93417,-156.635,location
SOUTH AFRICA,Western Cape Province,"Milnerton Lagoon, Cape Town",-33.88445,18.49317,location
USA,South Carolina,Off Sullivans Island,32.76323,-79.83675,location
AUSTRALIA,South Australia,"West Beach, Adelaide",-34.940859352,138.505547858,location
AUSTRALIA,Queensland,Opal Reef,-16.21667,145.9,location
USA,California,"Pismo Beach, San Luis Obispo County",35.141299,-120.642077,location
USA,Florida,"Miami, Dade County",25.60902567915,-80.498608911173,location
NEW ZEALAND,Cook Islands,Pukapuka Northern Group,-36.47819,174.67019,location
BRAZIL,Pernambuco,"Piedade Beach, Jaboatão dos Guararapes City",-8.1717,-34.9147,location
USA,Hawaii,"Kapalua, Maui",20.9945966,-156.6534698,location
CUBA,Holquin Province,Off Blau Costa Verde resort,20.75,-75.91667,location
USA,Florida,"Artifical reef 3 miles off Manatee Beach, Manatee County",27.47750411267,-82.357542644351,location
NEW CALEDONIA,Loyalty Islands,Ouvea,-20.6617,166.55308,location
JAPAN,Southern Japan,460 miles off Iwakuni,34.16656907,132.21883833,location
SOUTH AFRICA,Western Cape Province,"Pringle Bay, 44 miles southeast of Cape Town",-34.018654010267,18.509169210917,location
BAHAMAS,Abaco Islands,Walkers Cay,25.10222,-78.00325,location
USA,Florida,"Shark Shallows, Ponce Inlet, Volusia County",29.0970105,-80.9357379,location
DOMINICAN REPUBLIC,12 miles off the north coast,Boeing 757 enroute from Porta Plata,19.79344,-70.6884,location
HONG KONG,Clearwater Bay,First Beach,22.2878187,114.2876359,location
USA,Florida,"North Beach Jetty, St Lucie County",27.47165584819,-80.325485188582,location
USA,California,"Bunkers Eureka, Humboldt County",40.786143,-124.161309,location
AUSTRALIA,Queensland,"On board the Japanese longline trawler Fukuya No.38, 100 nm northeast of Brisbane",-27.470718612,153.024875611,location
AUSTRALIA,Queensland,Mermaid Waters,-28.046930208,153.4237939,location
BAHAMAS,Exuma Islands,Sampson Cay,24.21615,-76.47234,location
SOUTH AFRICA,KwaZulu-Natal,St. Michaels,-30.817315,30.406966,location
SOUTH AFRICA,KwaZulu-Natal,Widenham,-30.2169675,30.7940817,location
USA,Oregon,Off Umpqua River,45.356158580055,-122.648001130485,location
CHILE,Los Vilos,"Punta Negra, Pichidangui",-33.467,-70.5901,location
AUSTRALIA,Queensland,Lookout Point,-23.6514619,148.0745481,location
USA,California,"Seal Beach, Orange County",33.741428,-118.104769,location
AUSTRALIA,Queensland,Mornington Island,-16.662838007,139.179174994,location
USA,Massachusetts,40 miles south of Nantucket,41.264950807227,-70.119916529698,location
USA,Florida,Okaloosa County,30.665042273786,-86.59218201056,location
BAHAMAS,Great Exuma Island,Children's Bay Cay near Rollerville,23.75337,-76.0783,location
USA,California,"Pacifica, San Mateo County",37.613723,-122.48571,location
USA,Florida,"8 miles south of Elliot Key, Miami-Dade County",25.44317,-80.19727,location
AUSTRALIA,South Australia,Off Franklin Island between Streaky Bay & Ceduna,-35.56269,138.60774,location
SOUTH AFRICA,Western Cape Province,6 km off Groot Brak River,-34.05607,22.23954,location
USA,Hawaii,"Pearl Harbor Channel, O'ahu",21.32332,-157.96756,location
AUSTRALIA,New South Wales,"Trial Bay, north of Kempsey",-31.03421774741,152.871827461231,location
ATLANTIC OCEAN,9.35N 79.35W,"East of La Grande Island, North of Panama Canal",40.242529,-74.032533,location
USA,Virginia,Hog Island,38.75289,-77.04637,location
AUSTRALIA,New South Wales,"Horseshoe Bay, near Kempsey",-31.078277847,152.836785309,location
USA,California,"Near Paradise Cove, Malibu, Los Angeles County",34.02084,-118.78426,location
USA,California,"LaJolla, San Diego County",32.84727,-117.2742,location
AUSTRALIA,Western Australia,South Perth,-31.975412491,115.84767255,location
PAPUA NEW GUINEA,"Admiralty Islands, Manus Province","M'Buke, south of Manus Island",-2.24338,147.40859,location
AUSTRALIA,South Australia,"Port Hughes, 100 miles from Adelaide in Spencer Gulf",-34.925704229,138.596146626,location
IRAN,Karun River,"near Band Misan in Shustar, 420 km from the sea",31.27618,48.64174,location
USA,California,"Van Ness Municipal Pier, San Francisco",37.7749746,-122.4187391,location
PORTUGAL,Madeira,Off Funchal,32.6475379,-16.9050158,location
PAPUA NEW GUINEA,Milne Bay Province,"Kimuta, Renard Island",-10.81829,152.995,location
PAPUA NEW GUINEA,Central Province,"Hadrian’s (Haidana?) Island, near Port Moresby",-10.0,148.0,location
SINGAPORE,Unknown,Singapore Harbor,1.2894365,103.8499802,location
GREECE,Unknown,Kalamata,37.027371,22.1091159,location
IRAN,Karun River,"Hesamabad area of Shushtar, 420 km from the sea",30.1574993,52.5404739,location
NEW GUINEA,Calvados Archipelago,"Sabara Island, Calvados Chain 11.4S, 153E",-2.37378,147.36992,location
IRAN,Shat-Al-Arab River,Abadan,29.94036,48.59596,location
INDONESIA,East Java,Surabaya,-7.2392845,112.7362111,location
USA,California,"Off San Pedro, Los Angeles County",33.73585,-118.29229,location
AUSTRALIA,Victoria,"Port Phillip Bay, Port Melbourne",-37.817282375531,144.966569770893,location
CROATIA,Adriatic Sea,"Susak / Fiume (Rijeka, Istria)",45.340230019,14.42722787,location
ISRAEL,Herzliyah,Sidny Ali,32.16627,34.82536,location
CANADA,Bay of Fundy,16 km west of Digby Gut,44.741,-66.76041,location
AUSTRALIA,South Australia,Encounter Bay,-35.56105205,138.599572584,location
AUSTRALIA,Victoria,"Middle Brighton, Port Phillip",-37.8983622,144.9849121,location
AUSTRALIA,New South Wales,Clarence River,-29.67469,152.90799,location
FRENCH POLYNESIA,Tuamotus,Rangiroa,-15.11648,-147.65115,location
GUYANA,Demerara County,Off the Demerara River,6.80448,-58.15527,location
SOLOMON ISLANDS,Central Province,Savo,-9.13087,159.81249,location
AUSTRALIA,Queensland,Mackay,-21.154970018,149.16641001,location
USA,Florida,"16 miles north of Fort Pierce Inlet, Indian River County",27.557669714479,-80.409802868817,location
SOUTH AFRICA,Western Cape Province,Cape Town,-33.92584,18.42322,location
SPAIN,Canary Islands,"Tazacorte, La Palma",28.6356953,-17.9235069,location
NEW ZEALAND,South Island,Port Moeraki,-45.3599908,170.8529849,location
CUBA,Santiago de Cuba Province,Santiago de Cuba,20.195685353801,-75.900951996772,location
USA,Rhode Island,Point Judith,41.366012,-71.490011,location
USA,Virginia,Hampton Roads,36.97515,-76.34967,location
AUSTRALIA,Queensland,Off Bribie Heads,-27.08367,153.15942,location
USA,Hawaii,"Hamakua Homakua, Hawai'i",19.955226408595,-155.230848355813,location
USA,New York,Mahattan,40.7532511,-74.0038099,location
AUSTRALIA,New South Wales,"The Domain, Sydney",-33.732747963505,151.001236620825,location
MEXICO,Oaxaca,Tehuantepec Harbor,16.32463,-95.24104,location
NICARAGUA,Lake Nicaragua (fresh water),"Granada, Granada Department",11.92988,-85.95602,location
USA,New Jersey,"Absecon, Atlantic County",39.425329,-74.498341,location
COLOMBIA,San Andrés Island,Nirvana,12.52449,-81.71983,location
FIJI,Taveuni Island,Ura Estate,-16.83842,-179.95005,location
USA,Samoa,Pago Pago Harbor,42.0530719,-124.2682027,location
USA,Hawaii,"Banyans, Kailua-Kona",19.60675,-155.97605,location
USA,Florida,"Block Houe Beach, Brevard County",28.2583625,-80.6040184,location
MALDIVES,Raa Atoll,Faadoo Island,5.76347,72.98495,location
AUSTRALIA,New South Wales,Killick Creek near Crescent Head,-31.19045265089,152.978718326325,location
USA,Florida,"Huguenot Park, Jacksonville, Duval County",30.2944108,-81.6241727,location
USA,Cayman Islands,Grand Cayman,19.3147026,-81.1839617,location
USA,North Carolina,"Off Cape Hatteras, Dare County",35.259475441086,-75.521981709104,location
AUSTRALIA,New South Wales,Tomaree,-32.7311871,152.1315683,location
ENGLAND,Cornwall,Off Land's End,50.06938,-5.71809,location
AUSTRALIA,Western Australia,"Lefthanders, Margaret River Area",-33.879222,114.982764,location
AUSTRALIA,Victoria,Winkipop,-38.36808,144.28495,location
COMOROS,Anjouan,Moya,-12.3104592,44.4371524,location
BAHAMAS,The Exuma Cays,Great Exuma,23.608071,-75.9043086,location
CAYMAN ISLANDS,Grand Cayman,Stingray City Bar,19.3147026,-81.1839617,location
SPAIN,Grand Canary Island,"Arinaga Beach, Aguimes, Gran Canaria",27.8557982,-15.39277,location
ARUBA,Unknown,Boat capsized,12.509085375,-69.970503017,location
AUSTRALIA,Western Australia,Pyramids Beach,-32.6036296,115.6310248,location
USA,California,"Horseshoe Rock, Santa Barbara County",34.538263714677,-120.030793894701,location
USA,Florida,"Big Talbot Island, Duval County",30.502624,-81.450598,location
USA,North Carolina,"Ocracoke, Lifeguard Beach, National Park Service, Hyde County",35.1084829,-75.9778046,location
USA,Florida,"3 to 4 miles west of Indian Pass, Gulf County",29.688176,-85.264559,location
USA,Florida,Okaloosa Island,30.394995,-86.601875,location
AUSTRALIA,South Australia,"Elliston, Eyre Peninsula",-32.76233,134.40962,location
USA,South Carolina,Folly Beach,32.655954,-79.941069,location
AUSTRALIA,New South Wales,Crowdy Head,-31.841361817,152.75117655,location
SOUTH AFRICA,Western Cape Province,De Mond,-34.49045,20.42962,location
AUSTRALIA,Queensland,Noosa,-26.364472458,152.894059898,location
CROATIA,Unknown,Buccari Bay,45.28833,14.56111,location
USA,Texas,"Grass Island, Aransas County",28.05141,-97.15388,location
REUNION,Saint-Gilles,Roches Noires,-21.0532721,55.2287668,location
AUSTRALIA,Western Australia,Cowaramup Bay,-31.94365,115.923803,location
USA,Florida,Jacksonville,30.325968,-81.65676,location
AUSTRALIA,New South Wales,Blue Bay,-33.353624753,151.500021764,location
AUSTRALIA,New South Wales,Bateman's Bay,-35.712370037,150.181843616,location
AUSTRALIA,New South Wales,Horseshoe Bay,-36.4152,150.0846,location
AUSTRALIA,Queensland,Holmes Reef,-10.60056,142.23139,location
AUSTRALIA,Queensland,"Mornington Island, Gulf of Carpentaria",-16.235553886,137.602175844,location
USA,California,"Monterey, Monterey County",36.5983416,-121.8964305,location
AUSTRALIA,New South Wales,Arakoon's Little Bay,-33.979801187,151.245468482,location
USA,South Carolina,"6th Avenue North, Myrtle Beach, Horry County",33.815613511864,-78.679765974488,location
SOUTH KOREA,South Ch'ungch'ong Province,Dando/Kaeui Island,36.82153,127.65685,location
USA,California,"Limantour Beach, Point Reyes National Seashore",38.067994,-122.9182524,location
RUSSIA,Kuril Islands in the Pacific,"Kunashir Island, 70 km from northern Japan",48.59647,133.80866,location
PHILIPPINES,Baatan,Limay,14.5635626,120.5940717,location
USA,Maryland,"100 miles off Ocean City, Maryland, in 7000' of water",38.427382442111,-75.05538710559,location
AUSTRALIA,South Australia,"Smoky Bay, near Ceduna, on the Eyre Peninsula",-32.76233,134.40962,location
AUSTRALIA,Queensland,200 miles offshore,-20.707712909536,139.497475921874,location
ITALY,Unknown,Rimini,44.0609167,12.5663013,location
REUNION,Unknown,Saint Pierre,-21.341797838,55.477835926,location
USA,Florida,"Boynton Beach, Palm Beach County",26.5289113,-80.0641707,location
USA,California,"Clam Beach, near Eureka, Humboldt County",40.988571,-124.109663,location
AUSTRALIA,New South Wales,Eight-mile reef off Port Kembla,-34.484648035,150.901358253,location
USA,Florida,"Matanzas Bay Inlet, St. Johns County",29.795261376141,-81.260769777613,location
SOUTH AFRICA,Eastern Cape Province,Cintsa East,-32.8282629,28.1141456,location
USA,Hawaii,"Silver (Silva) Channels, Waialua, O'ahu",21.573167,-158.122837,location
AUSTRALIA,Queensland,Derwent Island,-20.98639,149.78139,location
VANUATU,Malampa Province,"Off the beach opposite Atchin Island, Malakula",-16.266045897976,167.479594379576,location
USA,Hawaii,"Nimitz Beach, Barbers Point, O'ahu",21.2953148,-158.1012364,location
USA,Florida,"St. Petersburg Beach, Pinellas County",27.72531,-82.74121,location
AUSTRALIA,Victoria,Sorrento Back Beach,-38.3458507,144.727521,location
MEXICO,Guerrero,La Playa Hornos (near Acapulco),16.857582,-99.889136,location
AUSTRALIA,South Australia,"Point Lowly, north of Whyalla",-32.985128297,137.780041467,location
USA,Virginia,False Cape,36.59779,-75.87905,location
AUSTRALIA,Victoria,"Wilson's Promontory, Waratah Bay",-38.858710017,146.249147859,location
AUSTRALIA,New South Wales,"Manly Marineland, Sydney",-33.797597349,151.28584319,location
SOUTH AFRICA,KwaZulu-Natal,"Bluff, Durban",-29.926297655366,31.00437840837,location
USA,Florida,Half mile north of Juno Beach Pier,26.883875,-80.059723,location
AUSTRALIA,Tasmania,"Piccaninny Point, 10 miles from Bicheno",-41.887911042,148.28797596,location
USA,Florida,"Ft. Lauderdale, Broward County",26.1241631,-80.1435862,location
NEW ZEALAND,North Island,White Island,-37.9466888,177.0125244,location
ITALY,Sicily,Off Mondello Lighthouse,38.2236894,13.3142506,location
SOUTH AFRICA,Western Cape Province,"Jacobs Bay Reef, Saldanha Bay",-32.97209,17.89398,location
ENGLAND,In the English Channel,Off the south Devon coast,39.8413757,-86.0938698,location
GRENADA,St. Georges,Black Point Bay,12.05288,-61.75226,location
FIJI,Lomaiviti Province,"Levuka, Ovalau Island",-17.68589,178.78584,location
AZORES,Unknown,Sao Miguel,37.77614,-25.49515,location
MEXICO,Quintana Roo,Chinchorro Banks,18.58744,-87.3572,location
USA,Florida,"9 miles north of Turtle Beach, Siesta Key, Sarasota County",27.219678501383,-82.516244711737,location
USA,Florida,"South Beach, Fort Pierce, St Lucie County",27.440205606671,-80.341514785902,location
GABON,Estuaire Province,Owendo,0.29123,9.50465,location
USA,Puerto Rico,"Mona Island, 40 miles west of the mainland",18.222606498,-66.468953431,location
PAPUA NEW GUINEA,New Ireland Province,"Samo Plantation, east coast",-3.95,152.81667,location
FRENCH POLYNESIA,Tuamotus,"Outer edge of Hikueru, one of the Central Tuamotu atolls",-17.677397934,-149.400973297,location
AUSTRALIA,New South Wales,"Windang, near the entrance to Lake Illawarra",-34.55675386587,150.865848535739,location
AUSTRALIA,Queensland,Kirra,-27.530927419134,153.11773832373,location
JAPAN,Sago Prefecture,Ariakeno Bay,33.08333,130.25,location
ITALY,Calabria,Cosenza,39.2981996,16.2538921,location
AUSTRALIA,Queensland,"Nerang River, Southpot",-27.973951465512,153.402744895582,location
IRAQ,Basrah,Shatt-al Arab River,30.47283,47.97968,location
USA,Hawaii,"Midway, Northwestern Hawaiian Islands",28.41667,-178.33333,location
TRINIDAD & TOBAGO,Trinidad,"Manzanilla Bay, St. Andrew County",41.056514854616,-124.147427447413,location
AUSTRALIA,New South Wales,North Narrabeen Beach,-33.7058304,151.3040311,location
AUSTRALIA,New South Wales,"Off Ben Buckler, near Sydney",-33.89301,151.28416,location
AUSTRALIA,New South Wales,Woy Woy on the Brisbane Waters,-33.46667,151.33333,location
AUSTRALIA,Torres Strait,Warrior Reefs,-9.561435995,142.288520258,location
SOUTH AFRICA,KwaZulu-Natal,"Granny’s Pool, Winkelspruit",-30.09626,30.85583,location
USA,Hawaii,"1 mile off Mala Wharf, Lahaina, Maui",20.88394328525,-156.685913575371,location
USA,New Jersey,"Sandy Hook (ocean side), Monmouth County",40.355394,-73.974024,location
CUBA,Cienfuegos Province,Cienfuegos,22.14681,-80.4481,location
AUSTRALIA,Queensland,Graceville,-27.522075757,152.981356118,location
AUSTRALIA,New South Wales,Bronte,-33.903651968,151.262935925,location
AUSTRALIA,New South Wales,"Near Asbestos Works, Camellia, Parramatta River",-33.81975,151.02643,location
AUSTRALIA,Queensland,Off Hinchinbrook Island,-18.33171,146.21567,location
USA,Florida,"Florida Keys 25ºN,82ºW",41.319324739472,-74.33855251027,location
USA,Florida,"St. Augustine, St Johns County",29.896004,-81.316709,location
JAMAICA,Westmoreland Parish,Cabaritta River mouth,18.21632,-78.16632,location
CUBA,Camaguey Province,Nuevitas Harbor,21.5459167,-77.2649837,location
AUSTRALIA,Tasmania,"Chimney Point, George’s Bay",-41.31,148.28999,location
FRANCE,Brittany,Brest,48.391323734,-4.485052434,location
GREECE,Northern Peloponnese,Patras,37.5,22.33333,location
CANADA,Nova Scotia,Off Sable Island,43.93333,-60.01667,location
USA,Mississippi,"Pass Christian, Hamilton County",30.311431,-89.255976,location
AUSTRALIA,New South Wales,"Peacock Point, Balmain, Sydney",-33.859681032533,151.195610524712,location
AUSTRALIA,Victoria,Portarlington,-38.117252689,144.651974883,location
ITALY,Strait of Messina,Off Calabria,38.824509611923,16.62039668632,location
NEW ZEALAND,North Island,Tauranga,-37.6965512,176.1635161,location
HONDURAS,Unknown,Mouth of the Ullua River,15.91866,-87.71853,location
AUSTRALIA,Queensland,White Cliffs,-22.48472,149.32333,location
GUYANA,Unknown,Demerara,6.80448,-58.15527,location
NEW ZEALAND,North Island,"Soldier's Point, Brick Bay, Auckland",-36.900863606459,174.651564610394,location
SPAIN,Malaga,San Andres Beach,36.70391,-4.43103,location
AUSTRALIA,Victoria,Point Henry,-38.12894,144.425375,location
INDIA,Maharashtra,Bombay (now Mumbai),18.9690472,72.8211807,location
SRI LANKA,Western Province,Colombo,6.93548,79.84868,location
INDIA,Unknown,Hooghly River,21.83231,88.03074,location
ECUADOR,Galapagos Islands,Mosquera Islet,0.0,-90.5,location
USA,California,Centerville Beach,40.57346,-124.35006,location
SOUTH AFRICA,Western Cape Province,"Sanctuary Beach, Plettenberg Bay",-34.08326,23.37046,location
FRENCH POLYNESIA,Tahiti,"Pointe des pêcheurs, Punaahuia",-17.63333,-149.6,location
USA,California,"San Miguel Islandl, Santa Barbara County",34.03972,-120.37543,location
AUSTRALIA,Victoria,Ocean Grove Beach,-38.2711,144.5247,location
USA,Hawaii,Kukio Bay,19.82017,-156.00071,location
AUSTRALIA,Western Australia,Karratha,-20.738022111,116.835745156,location
USA,Maui,Ukumehama,20.81306,-156.55861,location
AUSTRALIA,Queensland,Cairns,-16.923112317,145.764893017,location
FIJI,Vanua Levu,"Tawake, Cakaudrove",-16.2570552,179.8597027,location
AUSTRALIA,Queensland,"Off Airlie Beach, Whitsundays",-20.26751,148.71471,location
USA,New Jersey,"Ship Bottom, Ocean County",39.6443837,-74.180012,location
BRAZIL,Fernando de Noronha,Praia de Porto,-3.8460421,-32.4120387,location
USA,Hawaii,"Anaehoomalu Bay, Hawaii",19.91499,-155.88874,location
NEW ZEALAND,North Island,Ti Point,-39.0,176.0,location
AUSTRALIA,Queensland,Swain Reef,-27.542508557691,153.264646233648,location
BRAZIL,"Boi Island, Victoria",Espirito Santo,-20.29922,-40.26118,location
AUSTRALIA,Westerm Australia,Esperance,-33.864058322,121.889971273,location
USA,Oregon,"Indian Beach, Ecola State Park, Clatsop County",45.915970433933,-123.96670956689,location
USA,Florida,"Lori Wilson Park, Cocoa Beach, Brevard  County",28.3418745,-80.6069311,location
FRENCH POLYNESIA,Rangiroa,Avatoru Pass,-14.94172,-147.702,location
FRENCH POLYNESIA,Central Tuamotu,"Tupapati, Hikueru Atoll",-17.58416,-142.6164,location
USA,Florida,Apalachicola Bay,29.67299,-84.96185,location
ST. MARTIN,Unknown,20 miles from shore,45.317255894336,-65.556280019486,location
NEW ZEALAND,South Island,Porpoise Bay,-46.66149,169.105338,location
USA,Hawaii,"Makenat, Maui",20.6558129,-156.4382664,location
AUSTRALIA,New South Wales,Between Dee Why and Long Reef,-34.042395415736,150.823057559702,location
SOUTH AFRICA,Western Cape Province,Caves near Kogel Bay,-34.057022758786,18.629068102981,location
AUSTRALIA,Queensland,Nobby's Beach,-28.0607735,153.4413733,location
SOUTH AFRICA,KwaZulu-Natal,Between Sodwana & Cape Vidal,-28.12676,32.55906,location
AUSTRALIA,Queensland,Bushy Ilet,-11.25,142.95,location
USA,California,Pigeon Point,36.32635,-121.5041,location
SOUTH AFRICA,Eastern Cape Province,"Cintza Beach, East London",-33.01529,27.91162,location
MEXICO,Quintana Roo,Xcalak,18.277243056,-87.857136111,location
USA,Florida,"Micklers Landing, St. Johns County",30.16176,-81.35751,location
USA,Florida,Hanalei Bay,30.23765,-85.63262,location
USA,Florida,"Walton Rocks, St Lucie County",27.298702096216,-80.259383737893,location
SOUTH AFRICA,Eastern Cape Province,2-3 km north of Sunday's River mouth,-33.09082,25.07448,location
AUSTRALIA,Western Australia,Port Kennedy Beach,-32.366533483835,115.774680215397,location
USA,Hawaii,"Lahilahi Point, Oahu",21.46008,-158.21381,location
NEW CALEDONIA,North Province,Poindimié,-20.93714,165.33121,location
PHILIPPINES,Palawan,Off Cagayancillo,9.6041103,121.2239124,location
AUSTRALIA,Western Australia,Wharton Beach,-33.942328,122.561962,location
AUSTRALIA,South Australia,"Pennington Bay, Kangaroo Island",-35.84953,137.75063,location
AUSTRALIA,Torres Strait,Western Province,-9.561435995,142.288520258,location
USA,Florida,"Marco Island, Collier County",25.9392465,-81.7158506,location
USA,California,"Klamath River mouth, Del Norte County",41.53306,-124.08113,location
MEXICO,Baja California,San Luis beach,23.1858,-109.4718,location
USA,Florida,"Central Gulf Coast, St. John County",30.024858844992,-81.386282053537,location
REUNION,Conservatória District,"P' tit Paris, Saint-Pierre",-21.341797838,55.477835926,location
NEW ZEALAND,North Island,Motunui,-46.834651973,168.218424068,location
AUSTRALIA,New South Wales,Bushrangers Pass at Bass Point,-33.343084645596,149.934915335783,location
USA,Florida,"Petting Tank, Florida Aquarium, Tampa, Hillsborough County",27.9439971,-82.4453675,location
AUSTRALIA,Western Australia,Collie River,-33.40234,115.97165,location
THAILAND,Rayong Province,Laem Mae Pim Beach,12.6513453,101.6115234,location
AUSTRALIA,New South Wales,Lord Howe Island (island group 440 miles northeast of Sydney),-33.917157411572,150.995969996284,location
NEW ZEALAND,North Island,Between the Kakanui River and Campbell's Bay,-36.745191197585,174.760935902794,location
USA,Virginia,"Wreck of the Navy Barge, 22 miles SE of Rudee",37.512820504,-78.697948713,location
AUSTRALIA,New South Wales,Mona Vale,-33.676563558,151.303450247,location
HONG KONG,New Territories,Sheung Sze Wan Beach,22.305669127,114.291568226,location
NEW CALEDONIA,South Province,Île de Casey,-22.35409,166.8441,location
USA,Florida,"North Jetty Park, Fort Pierce, St Lucie County",27.470075,-80.290969,location
USA,California,24 km off Santa Catalina Island in the Channel Islands,34.181375,-119.229842,location
AUSTRALIA,South Australia,"Merino Rocks, Adelaide",-35.0462,138.5128,location
FRANCE,Gulf of Lyons,Gruissan,43.106039803,3.086383655,location
AUSTRALIA,Victoria,Jan Juc Beach,-38.34446,144.31192,location
USA,Florida,"Bayport, Hernando County",28.547868,-82.643474,location
USA,Oregon,"Cape Kiwanda,Tillamook County",45.21752,-123.97938,location
USA,Virginia,"Virginia Beach, Princess Anne County",36.842792,-76.064886,location
MEXICO,Sinaloa,Mazatlán,23.244007812,-106.408072515,location
USA,California,"McClure Beach, near Tomales Point, Marin County",38.2327,-122.9875,location
USA,Florida,"Off Fort Pierce, St Lucie County",27.447119,-80.337237,location
CROATIA,Split-Dalmatia County,"Lokva Rogoznica, Omis",43.415,16.7675,location
CROATIA,Primorje-Gorski Kotar County,Preluka Harbour,45.454,14.594,location
SOUTH AFRICA,KwaZulu-Natal,Mission Rocks,-28.27836,32.48652,location
USA,Florida,"Ft. Pierce, St Lucie County",27.447119,-80.337237,location
AUSTRALIA,South Australia,Southport,-34.849962800011,138.596731234224,location
USA,Hawaii,"Brennecke Beach, Po'ipu, Kaua'i",21.8842794,-159.4855126,location
USA,Florida,"Dania, Broward County",26.05231,-80.14393,location
SOUTH AFRICA,KwaZulu-Natal,"Shark tank, Oceanographic Research Institute, Durban",-29.8579,31.0292,location
AUSTRALIA,Western Australia,"Swan River, 13 miles upstream",-33.308815985596,115.730321163186,location
MALAYSIA,Johor,Pulau Aur,2.44969,104.52109,location
ITALY,Liguria,"Marinella Sarzana, La Spezia",44.049243,10.0173915,location
BERMUDA,Hamilton,Hamilton,32.2941903,-64.7839374,location
AUSTRALIA,Victoria,Goolwa,-37.586973035914,143.82131037073,location
FIJI,Lau Group,"Tovu, Totoya Island",-18.91325,-179.81223,location
AUSTRALIA,New South Wales,Wanda Beach,-32.7149547,152.073748,location
DOMINICAN REPUBLIC,Santo Domingo,Rio Haina Port,18.4720187,-69.9020309,location
USA,California,30 miles south of San Clemente Island,34.277156268453,-119.268216140221,location
AUSTRALIA,Western Australia,Emu Point,-34.997208953,117.94158536,location
AUSTRALIA,New South Wales,Norah Head,-33.284288436,151.565801431,location
BERMUDA,Unknown,6 miles from shore,32.306817732,-64.770041837,location
FIJI,Vanua Levu,Off the Bua coast,-19.1543,178.08988,location
AUSTRALIA,Queensland,Scotts Point Beach,-27.25224,153.10975,location
USA,South Carolina,"Albergotti Creek, near Air Station boat docks, Beaufort",32.42931,-80.686724,location
USA,Florida,"Indian Rocks Beach, Clearwater, Pinellas County",27.929667921554,-82.809578904996,location
USA,Hawaii,"Hilo, off Kaua'i",21.967765692141,-159.371796734339,location
USA,Florida,"Siesta Key, Sarasota County",27.2661889,-82.5456531,location
USA,Florida,"Sarasota, Sarasota County",27.336517,-82.5385652,location
PAPUA NEW GUINEA,Morobe Province,"Korem, Finschhafen",-6.55793,147.84635,location
USA,South Carolina,Windy Hill Beach,33.7945296,-78.7382914,location
AUSTRALIA,New South Wales,"Long Reef, Collaroy",-33.73383,151.30289,location
PAPUA NEW GUINEA,"Abau Sub District, Central Province",Lalaura Village,-10.18553,148.3564,location
ITALY,Salerno Province,Salerno,40.67545,14.79328,location
AUSTRALIA,Queensland,Cooper's Point,-27.53546184475,152.956360117352,location
BRAZIL,Rio de Janeiro,Copacabana,-22.9678525,-43.1789833,location
CUBA,Guantanamo Province,30 nm southeast of Guantanamo Bay,20.00771,-75.12278,location
USA,South Carolina,Sullivan's Island at entrance to Charleston Harbor,32.762889,-79.83623,location
SOUTH ATLANTIC OCEAN,Unknown,750 miles off the African coast,2.75,10.25,location
SOUTH ATLANTIC OCEAN,In Convoy OB 274,Off Sierra Leone,38.329390530542,-75.086066707172,location
TURKEY,Unknown,Istanbul,41.0129952,28.9747973,location
AUSTRALIA,Torres Strait,Nepean Island,-10.204054749,142.296162731,location
AUSTRALIA,Queensland,"Near Forbes Island, Barrier Reef",-27.579857653121,152.334672750882,location
UNITED KINGDOM,Isle of Wight,Atherfield,50.626989791156,-1.357014949166,location
AUSTRALIA,Torres Strait,"Near Warrior Reefs, Queensland",-9.68,143.09,location
USA,Texas,Off Brownsville,25.903046,-97.498884,location
AUSTRALIA,Queensland,Pialba Beach near Maryborough,-25.527260442,152.693462203,location
AUSTRALIA,Queensland,Fitzroy River at  Rockhampton,-23.39327,150.53304,location
AUSTRALIA,Queensland,Barrier Reef,-23.296974995987,150.787599541023,location
USA,Maryland,"Tangier Sound, Somerset County",38.06262,-75.99549,location
USA,Mississippi,"Bay St. Louis, Hancock County",30.3163818,-89.3478647,location
AUSTRALIA,New South Wales,Lismore,-28.811387415,153.281605852,location
PHILIPPINES,Quezon,Tayabas,14.0259,121.5929,location
USA,Florida,"Trout River, Panama Park",30.390963602043,-81.645231815789,location
AUSTRALIA,Tasmania,Derwent River (empties into the sea at Hobart),-42.883401157,147.329438724,location
USA,Texas,West Bay near Galveston,29.284664564433,-94.873910776746,location
HONDURAS,Cortés,Off Puerto Cortez (Caribbean coast),15.82562,-87.92968,location
AUSTRALIA,Queensland,Rothesay Bay,-27.585278002021,153.014563220368,location
USA,New York,The Narrows,42.336453,-78.486966,location
USA,Hawaii,Waikiki,21.284823,-157.832452,location
INDIA,"22ºN, 88ºE","Calcutta, Hoogly River at  one of the ghats",22.5655734,88.3702152,location
CANADA,Nova Scotia,Cape Canso,45.30015,-60.9318,location
USA,North Carolina,Cape Hatteras,35.23388,-75.53641,location
TASMAN SEA,35º39 : 165º8',Alongside the whaler Marianne,,,failed
Australia,Western Australia,Yallingup Lagoon,-33.6401,115.0236,location
USA,New York,"Kismet Beach, Suffolk County",40.6350886,-73.2055218,location
FRENCH POLYNESIA,Tahiti,"Matavai Bay, Arue, Papetee",-17.52764,-149.53437,location
USA,Louisiana,off Grand Isle,29.2348794,-89.9899976,location
CANADA,Nova Scotia,Cape Breton Island,46.0332,-60.80521,location
USA,North Carolina,"Neuse River, Craven County",35.12983658254,-77.028072773848,location
FRENCH POLYNESIA,Tahiti,Vallée Blanche,-17.5,-149.5,location
USA,Hawaii,"Honokowai Point, Maui",20.94811,-156.6919,location
REUNION ISLAND,Unknown,Saint Leu,-21.166222526,55.28690687,location
AUSTRALIA,New South Wales,Belongil Bay,-28.63168297706,153.58793095783,location
FIJI,Vanua Levu,Cakau Levu,-19.1543,178.08988,location
BAHAMAS,Abaco Islands,"Coco Bay, Green Turtle Cay",26.76799,-77.33079,location
ECUADOR,Galapagos Islands,Santa Fe Island,0.0,-90.5,location
LIBYA,Unknown,Gars Garabulli,32.74506,13.71467,location
USA,Hawaii,"Davidsons Beach, Kekaha, Kauai",21.9642,-159.7089,location
USA,New Jersey,Ventnor,39.34039,-74.47737,location
AUSTRALIA,New South Wales,Booti Booti National Park,-32.2485946,152.5377067,location
BAHAMAS,Unknown,Tiger Beach,25.04113018772,-77.295281932361,location
NEW CALEDONIA,Unknown,"Côte-Blanche, Nouméa",-22.2628044,166.4446442,location
USA,Florida,"Neptune, Duval County",30.3236,-81.4145,location
DOMINICAN REPUBLIC,Altagracia Province,"Bavaro Beach, Punta Cana",18.58182,-68.40431,location
MOZAMBIQUE,Inhambane Province,"Maxixe, Inhambane Bay",-23.78157,35.40396,location
AUSTRALIA,Queensland,"Russel Island, Frankland Group",-27.683219916,153.390457149,location
BRAZIL,Pernambuco,"Praia del Chifre, Olinda",-8.0248,-34.8574,location
SOUTH AFRICA,Eastern Cape Province,"Second Beach, Port St Johns",-31.6493491,29.5159128,location
BAHAMAS,Unknown,Freetown Beach,24.7761474,-76.3035138,location
USA,Hawaii,"Ka'anapali, Honokowai, Maui",20.94811,-156.6919,location
RUSSIA,"Telyakovsky Bay, Khasan,  Primorsky Krai (Far East)",Vityaz,42.4221475,130.6502044,location
MEXICO,Quintana Roo,Cancun,21.164100412,-86.871082763,location
AUSTRALIA,Western Australia,Busselton,-33.649024902,115.349555243,location
USA,Virginia,Sandridge Beach,36.745984,-75.944094,location
USA,California,"Dog Patch, San Onofre",33.384955,-117.572537,location
AUSTRALIA,New South Wales,"Mona Vale Beach, Sydney",-33.6790505,151.3131348,location
USA,Louisiana,"Curlew Island, Breton Sound",29.50077,-89.2506,location
CUBA,Guantanamo Province,Guantanamo Bay,20.00771,-75.12278,location
ECUADOR,Galapagos Islands,Isla Isabella,-0.59286,-91.02528,location
CUBA,Guantanamo Province,Guantanamo,20.14444,-75.20917,location
BAHAMAS,Grand Bahama Island,Off West End,26.68711,-78.97702,location
USA,Florida,"Palm Beach Shores, Palm Beach County",26.778446,-80.035202,location
USA,Delaware,"Indian River Inlet, Rehoboth Beach",38.611,-75.0709,location
AUSTRALIA,Territory of Cocos (Keeling) Islands,Direction Island,-12.200752365,96.907649873,location
USA,Florida,"Waveland Beach, Hutchinson Island, St. Lucie County",27.2750944,-80.2069049,location
AUSTRALIA,Queensland,"Fido's Reef, 300 m east of Cook Island. Cook Island is 2 miles from Tweed Heads, Gold Coast",-27.991140003,153.427670012,location
USA,Florida,Palm Beach?,26.7043265,-80.0364366,location
USA,Florida,St Augustine Beach. St. Johns County,29.852015,-81.267319,location
AUSTRALIA,Queensland,Great Barrier Reef  (near Upolu Bay),-17.98722,146.76979,location
AUSTRALIA,New South Wales,Paramatta River (near Sydney),-33.8153576,151.0189331,location
USA,California,"Waddell Reef, Santa Cruz County",37.021608689843,-122.009850226387,location
USA,South Carolina,"Grand Strand, Myrtle Beach, Horry County",33.6528844,-78.9232044,location
AUSTRALIA,Queensland,Whitsunday Passage,-20.29754,148.88396,location
USA,Hawaii,"Nakalele Point, Maui",21.03017,-156.58854,location
AUSTRALIA,Victoria,"Suicide Point, Point Leo",-38.42403,145.07899,location
AUSTRALIA,Western Australia,"Mutton Bird Island, Albany",-35.038677926252,117.707409412047,location
SOUTH KOREA,Unknown,Jangkodo Island,34.35651,127.08796,location
USA,Hawaii,"Kea'au Beach Park, O'ahu",21.4862848,-158.2305649,location
USA,Hawaii,"Lanaikea, O'ahu",19.63564,-155.99006,location
BRAZIL,Maranhão,"Praia de São Marcus, Sáo Luiz",-2.48844,-44.287331,location
JAPAN,Ehime Prefecture,"Nagahama-cho, 40 km southwest of Matsuyama",33.83917304,132.76560169,location
USA,California,"Trinidad Head, Humboldt County",41.05374,-124.1534,location
REUNION,Sainte-Marie,Baie de la Mare,-20.893086986991,55.535532902814,location
USA,California,"Montera Beach, San Mateo County",37.54688,-122.51498,location
ITALY,Manfredonia,Ippocampo,41.5104814,15.911574,location
SOUTH AFRICA,KwaZulu-Natal,"Brighton Beach, Durban",-29.9365979,31.0038845,location
SOUTH AFRICA,Western Cape Province,Platbank,-34.10554,23.36438,location
AUSTRALIA,Western Australia,3 km west of Rottnest Island,-32.007488242,115.520328532,location
USA,Florida,"Haulover Inlet, Dade County",25.901279,-80.121971,location
USA,South Carolina,"Daws Island, Broad River (near Beaufort)",32.29464,-80.70483,location
CHILE,Coquimbo,"Bahia Totoralillo, 80  km north of Coquimbo",-29.974921696561,-71.323161416256,location
SOUTH AFRICA,KwaZulu-Natal,Mnini,-29.795712332648,30.81823813462,location
AUSTRALIA,Queensland,"Junpinpin, off Stradbroke Island",-27.45855116,153.44033733,location
EGYPT,Red Sea,Southern end of the Sinai Peninsula,24.721772765377,34.141488462562,location
USA,US Virgin Islands,"St. Croix, Cane Bay",17.77164,-64.81015,location
USA,Hawaii,"Waihe'e, Wailuku, Maui",20.93205,-156.49913,location
AUSTRALIA,Queensland,Cooktown,-15.464030069,145.168718508,location
NEW ZEALAND,North Island,"Oakura Beach, Taranaki",-39.1155824,173.9467411,location
BAHAMAS,Bimini Islands,Lerner Marine Lab,25.74331,-79.24936,location
FIJI,Unknown,Savuli Reef,-19.13662,178.15213,location
FIJI,Lomaiviti  Island Group,"Taibaisa Passage, Gau Island",-17.241477766667,179.423702033333,location
AUSTRALIA,New South Wales,Off Kisma,-32.175903816,147.009716541,location
ISRAEL,Sharon,2 km north of Apollonia,32.1952,34.80651,location
PAPUA NEW GUINEA,Central Province,Fisherman’s Island near Port Moresby,-10.0,148.0,location
SPAIN,Catalonia,Aigua Blava,41.9364008,3.2095329,location
MEXICO,Guerrrero,Northwest of Acapulco,28.212055278,-107.637214444,location
USA,Pennsylvania,"Fairmount Park Aquarium, Philadelphia",40.051111,-75.216606,location
USA,South Carolina,Parris Island,32.349564,-80.677841,location
USA,Mississippi,Mississippi City,30.381865,-89.043925,location
USA,South Carolina,"Little River Beach, Horry County",33.900589544111,-78.653514739558,location
AUSTRALIA,Queensland,"North Burleigh, near Brisbane",-27.189648184937,152.930365614568,location
SOUTH AFRICA,Western Cape Province,"Swartklip, False Bay",-34.08333,18.68333,location
PAPUA NEW GUINEA,New Britain,"Rapindik Beach, Rabaul",-4.1948704,152.1686478,location
SOUTH AFRICA,Eastern Cape Province,"Bird Island, Algoa Bay",-33.8401,26.28601,location
NEW GUINEA,Milne Bay Province,"Uga, Banaira, Milne Bay",-10.55262,150.31494,location
AUSTRALIA,Torres Strait,"Thursday Island Harbour, Queensland",-10.58257,142.21949,location
SRI LANKA,Western Province,Colombo Harbor,6.95094,79.84932,location
SOUTH AFRICA,KwaZulu-Natal,"Chain Rocks, Amanzimtoti",-30.049674746466,30.878520778753,location
PAPUA NEW GUINEA,Central Province,"Kalautu Village, Baibara at the mouth of Oibada River",-10.0,148.0,location
USA,Rhode Island,Occupasstuxet  (Patuxent) Cove,41.73566,-71.38533,location
MONTENEGRO,Adriatic Sea,Budva,42.2830074,18.8365175,location
INDIA,Tamil Nadu,"Vanagiri, Madras (Chennai), Bay of Bengal",13.027667013476,80.232184967134,location
USA,Illinois,Chicago (Lake Michigan),41.868948,-87.624655,location
AUSTRALIA,Western Australia,Boyup Brook,-33.832968996,116.385562795,location
USA,Hawaii,"Nankuli, O'ahu",21.39666,-158.163335,location
PAPUA NEW GUINEA,Western Papuan Gulf,Kerema,-7.927361,145.8384399,location
USA,Hawaii,"Kane'ohe Bay, Mokapu, O'ahu",21.46278,-157.81028,location
USA,North Carolina,On one of the sounds near Wilmington,34.251239479811,-77.764747583993,location
USA,New Jersey,"Long Branch, Monmouth County (offshore)",40.304025,-73.992759,location
AUSTRALIA,New South Wales,"South Steyne, Manly",-33.798564974655,151.288975793086,location
AUSTRALIA,New South Wales,"Sailor Bay, Middle Harbour, Sydney",-33.790870603,151.226941183,location
AUSTRALIA,Western Australia,Onslow,-21.667379331,115.123152533,location
AUSTRALIA,New South Wales,Collaroy,-33.730977302,151.299321683,location
PAPUA NEW GUINEA,Unknown,Near Port Moresby,-9.4670693,147.1960341,location
USA,New York,"Woodcliff Channel, Freeport, Long Island",40.74482,-73.94875,location
Unknown,Unknown,Near the equator,35.047701,-89.902572,location
SOUTH AFRICA,Western Cape Province,Three Anchor Bay,-33.90536,18.40055,location
MARSHALL ISLANDS,Ratak,Ailuk Island,10.28553,169.92725,location
INDONESIA,Moluccas,South Aroo Island,-5.51051,127.55379,location
SOUTH AFRICA,Western Cape Province,Simons Town,-34.1934,18.43585,location
CROATIA,Primorje-Gorski Kotar County,"Off Volusca, Opatija",45.35013,14.31645,location
USA,New Jersey,"Off Longport, Atlantic County",39.314238,-74.525106,location
USA,Hawaii,Honolulu,21.30992,-157.858158,location
AUSTRALIA,Victoria,Port Phillip,-37.839323043,144.925577179,location
AUSTRALIA,New South Wales,Bellynahinch on the Manning River,-31.879635,151.490779,location
NEW ZEALAND,South Island,Lyttleton?,-43.5677433,172.6931565,location
CUBA,Unknown,60 miles off Trinidad de Cuba,21.83195,-79.88362,location
AUSTRALIA,Victoria,Hobson Bay,-38.75602561542,143.661324833805,location
USA,South Carolina,"Mount Pleasant, Charleston County",32.7905132,-79.8765153,location
INDIA,Tamil Nadu,St. Thomé,12.976531564853,80.142507844226,location
USA,Hawaii,"Uo, Lahaina, Maui",20.877113,-156.681325,location
ENGLAND,Unknown,On the Thames River,51.49763,0.50812,location
BARBADOS,Southwest coast,Carlisle Bay,13.08787,-59.61475,location
